comitente,nombre,aum,estado,mail,mail_alternativo,telefono,perfil_inversor,tiene_cedears
275598,Jorge,638918,Activo,jmiano@intramed.net,,+5491131892020,,False
1234134,Guillermo,305593,Activo,gmhuarte@hotmail.com,,+5491166126333,Calificado,True
293510,Gonzalo,265814,Activo,gonmadero@yahoo.com.ar,,+5491158853297,,False
271117,Carlos,261011,Activo,lynch.cd@gmail.com,finkelstein.mariana@gmail.com,+5491136501009,,False
469021,Rómulo,253681,Activo,romulocavazza@yahoo.com.ar,,+5491133613817,Agresivo,True
402310,Mario,237602,Activo,m.deldo@hotmail.com,,+5493489481511,Moderado Agresivo,True
751919,Martin,220349,Activo,tincho_bracco@outlook.com,,+5492473406731,Calificado,True
272449,Marcelo,218889,Activo,mtrivarelli@grupoclarin.com,,+5491131179718,Calificado,True
374125,Ivana,197875,Activo,ivanasag@hotmail.com,,+5491151582891,Moderado,True
1412504,Andres,178672,Activo,teaeir@techint.com,,+5491132873734,Calificado,True
620134,Maximiliano,177032,Activo,alonsomaxi@hotmail.com,,+5493364605253,Moderado Agresivo,True
1618554,Silvia,137956,Activo,audiologa55@gmail.com,saladaniela@gmail.com,02214531001,Moderado,True
1407658,Enrique,136206,Activo,scevaccarezza@gmail.com,eavaccarezza@gmail.com,+5491154111217,,False
625209,Manuela,127787,Activo,manuela.antuna@gmail.com,,+5493498445868,Calificado,True
1334201,Diego,127115,Activo,diegomartinfarina@gmail.com,lorenaceci76@gmail.com,+5493416498599,Moderado,True
1593913,Martin,119524,Activo,valemeda@gmail.com,martin.delariva@gmail.com,+5492974314386,,False
1306042,Martin,112148,Activo,martinglascher@gmail.com,,+5491132714897,Calificado,True
449045,Nicolas,109523,Activo,mica_a8@hotmail.com,nicog07@hotmail.com,+5493498445835,Calificado,True
1550233,Daniel,108000,Activo,danielfernan@hotmail.com,pfetchemendi@hotmail.com,02214531001,Moderado,True
1419958,Maria,103228,Activo,gracielatanzi@hotmail.com,,+5491164577658,Calificado,True
314124,Ana,101074,Activo,analaura263@gmail.com,,+5491162881400,,False
416911,Raul,93525,Activo,rhrivo1@gmail.com,,+5491171296456,Moderado Agresivo,True
274941,Fernando,89221,Activo,fernando.lescano@gmail.com,,+5492616305529,,False
273360,Ariel,88013,Activo,rockydebanfield@hotmail.com,,+5491141933474,,False
386548,Alejandra,87644,Activo,awurcel@hotmail.com,,+5491150442729,Moderado,True
381179,Juan,83354,Activo,patojms@gmail.com,,+5491149732906,Sin definir,True
951102,Federico,80435,Activo,federicoarielmoyano@gmail.com,,+5491137027091,Moderado Agresivo,True
1199836,Tomas,75182,Activo,tbanjsak@gmail.com,,+5491155636433,Moderado,True
771491,Javier,73429,Activo,javierbravocorreo@gmail.com,,+5491163713636,Calificado,True
1680994,Maximiliano,69486,Activo,maxicarola@gmail.com,anaizzicarola@gmail.com,+5491151762815,,False
997764,Angeles,68718,Activo,anyfornieles@gmail.com,,+5491155792507,,False
279119,Nicolas,67717,Activo,nicozijlstra@hotmail.com,,+5492235264040,Agresivo,True
604953,Matias,64376,Activo,mturri@kiobeewelleng.com,,+5492944573819,Moderado Agresivo,True
1082947,Mariela,62489,Activo,marielacuellonoemi@gmail.com,,+5493513261466,Moderado,True
427720,Alejandro,62386,Activo,alesutton@hotmail.com,,+5491161228582,Moderado Agresivo,True
1238387,Maria,61932,Activo,mramosmejia@gmail.com,marielbbrm@gmail.com,+5491134370732,Calificado,True
512446,Marcelo,59048,Activo,marcelorobba@hotmail.com,,+5493416106442,Moderado Agresivo,True
743340,Iris,57982,Activo,iris21@outlook.com.ar,jpetrecola@yahoo.com.ar,+5491141419049,,False
357185,Martiniano,56161,Activo,martiniano81@gmail.com,,+5491162552954,,False
890569,Alejandro,55571,Activo,alemecch@hotmail.com,,+5491151190409,,False
511808,Ariel,54845,Activo,arielalbarello@gmail.com,,+5493434067662,Moderado Agresivo,True
706031,Jessica,53207,Activo,mariel.banares@gmail.com,,+5491150219325,Moderado,True
270998,Emiliano,52461,Activo,emilianomietta@gmail.com,,+5491161198840,,False
1246440,Martin,52454,Activo,mji91@hotmail.com,,+5491160970561,Moderado,True
1176071,Agustina,51721,Activo,agusdestuet@gmail.com,,+5491130765133,,False
376963,Gabriela,50345,Activo,gabyva1307@gmail.com,,+5493814057773,Calificado,True
683388,Diego,50108,Activo,diegomartinfarina@gmail.com,,+5493416498599,Moderado,True
957623,Carlos,49920,Activo,carlosmw_2@hotmail.com,,+5492966623484,Moderado,True
1235236,Maria,49887,Activo,fernanda.reichel@gmail.com,veroreichel@gmail.com,+5491169156184,,False
507858,Liliana,49832,Activo,nati_antu@hotmail.com,lilianaguala@hotmail.com;mica_a8@hotmail.com;manuela.antuna@gmail.com,+5493498406556,Calificado,True
109381,Marisa,49475,Activo,info@implantesfedera.com,brunoborgarinifedera@gmail.com,,,False
274866,Marcelo,49412,Activo,marceloquadri@gmail.com,,+5493513066049,Moderado,True
535659,Juan,48175,Activo,juancbian@gmail.com,,+5491157930061,Calificado,True
371015,Gastón,48006,Activo,gaston.giro@gmail.com,,+5493416139693,Moderado Agresivo,True
444524,Indalecio,46874,Activo,indalecio.carbonibisso@hospitalitaliano.org.ar,,+5493444503373,Calificado,True
732276,Roberto,46735,Activo,robertolaritz@hotmail.com,,+5491168995760,Conservador,True
272437,Miguel,46068,Activo,maportela@hotmail.com,,+5491166767318,,False
399757,Stella,45438,Activo,stella.luferto@gmail.com,,+5493435099500,Calificado,True
708357,Maria,45341,Activo,pensadovictoria@gmail.com,,+5491161261261,Moderado,True
1257768,Sergio,45059,Activo,seraranda1962@gmail.com,estelalopez0409@gmail.com,+5493413634400,Moderado,True
527782,Daniela,45036,Activo,daniela.ag.medina@gmail.com,,+5493804444702,,False
404917,Martin,44977,Activo,mogualtieri@gp-consultores.com.ar,,+5491157638874,Moderado,True
373013,Francisco,44416,Activo,carrarafrancisco@mail.com,,+5493517889824,,False
267343,Ariel,44268,Activo,ariel@tems.com.ar,,+5492614199850,Moderado Agresivo,True
978527,Bruno,42462,Activo,brunoborgarini@gmail.com,,+5491163680808,Calificado,True
530757,Claudia,40132,Activo,clau_tetienta@yahoo.com,,+5491127043324,,False
963878,Rodrigo,39950,Activo,rodricand@gmail.com,,+5491164441004,,False
1464411,Jorge,39393,Activo,jorge.pedrini@smurfitwestrock.ar,,+5491165892937,Moderado,True
273850,Pablo,38777,Activo,pablo_cesar_cordoba@yahoo.com.ar,,+5491132452660,Moderado Agresivo,True
388524,Lucia,38194,Activo,luravitti@hotmail.com,,+5491130467964,Moderado,True
901398,Fernando,37873,Activo,fpaolorossi@consultores-asoc-sc.com,,+5491150639617,Moderado Agresivo,True
273698,Agustin,34322,Activo,ceperoagustin@gmail.com,,+5491159402288,Moderado Agresivo,True
781590,Daniel,34228,Activo,dangatti1967@gmail.com,,+5491144002005,Moderado,True
429602,Cristian,33954,Activo,cborruat@hotmail.com,fanny_alegre@yahoo.com,+5491131082129,Moderado,True
324310,Luciano,33597,Activo,lzanutto@mail.austral.edu.ar,,+5491154873748,Calificado,True
432770,Marcelo,33198,Activo,marceloescribano@hotmail.com,,+5491132697138,,False
1004033,Maria,32845,Activo,majo7965@hotmail.com,,+5491158223647,,False
1059420,Nestor,31011,Activo,nestorocchiuzzi@gmail.com,,+5491141929019,Moderado Agresivo,True
1491709,Sofia,30908,Activo,arqsofiacal@gmail.com,,+5491135569542,Moderado,True
273599,Juan,29879,Activo,juanmanuelcuns@gmail.com,,+5491164419204,Moderado Agresivo,True
491900,Mauricio,29714,Activo,mauriciobarrios02@gmail.com,,+5491137597962,Calificado,True
841472,Alejandro,29576,Activo,alejandrojaviersilva@gmail.com,,+5493704006331,Moderado,True
963627,Mirta,28583,Activo,mirta.ulsamer@gmail.com,,+5492954355860,,False
635810,Jorge,28300,Activo,robyondona@gmail.com,,+5492916420744,Moderado,True
477338,Alejandro,27279,Activo,alemos2006@gmail.com,,+5491131772269,Moderado,True
1226829,Eduardo,26697,Activo,garciarubeneduardo@gmail.com,,+5491153275990,,False
509043,Adriana,26685,Activo,aimisci@yahoo.com.ar,,+5491144123032,,False
700596,Silvia,26400,Activo,manzursilvia@yahoo.com.ar,,+5491130098819,Moderado,True
444971,Pedro,26355,Activo,pedro.camilli1@gmail.com,,+5491168505140,Moderado,True
1546139,Patricio,25996,Activo,pfetchemendi@hotmail.com,hemilse1731@hotmail.com,+5492216811640,Moderado,True
750048,Marcelo,25702,Activo,marcelo.stocco@algoritmo.com.ar,,+5493413077480,,False
302252,German,25546,Activo,adolfo.gegen@gmail.com,,+5491133262793,Moderado,True
71397,Juan,25156,Activo,juanbamarco@hotmail.com,,4715-4095 / 156-2674095,,False
275579,Pablo,25021,Activo,aguadopd@hotmail.com,,+5492644440990,,False
271919,Gerardo,24871,Activo,gerardogregori@gmail.com,,+5492914233685,Moderado,True
990365,Rodrigo,24349,Activo,rodrigo.e.campos@hotmail.com,,+5493415327548,,False
762127,Adriana,24278,Activo,adribsaponara01@gmail.com,,+5493516241637,,False
818090,Edgardo,24066,Activo,edgardo.galmarini@gmail.com,,+5491162238098,Moderado,True
515833,Osvaldo,23758,Activo,distridani@yahoo.com.ar,,+5493794024069,Moderado Agresivo,True
917467,Natalia,23732,Activo,prof.nataliamachado@gmail.com,,+5493875832616,,False
324464,Nicolas,23530,Activo,ncaprile@hotmail.com,,+5493413068791,Moderado Agresivo,True
316998,Dante,23360,Activo,dante@ferrettiabogados.com,,+5491156056867,Moderado,True
274529,Cesar,23347,Activo,cmsandrigo@gmail.com,,+5493424772512,Moderado,True
721573,Matias,22702,Activo,matiascascu@gmail.com,,+5491158521833,Conservador,True
838973,Mariana,22668,Activo,cappiellomariana2@gmail.com,,+5491130017264,Moderado,True
384654,Agustin,22666,Activo,agustinmiller@gmail.com,solangebritos@gmail.com,+5491132072876,,False
573397,Elvis,22268,Activo,chino12villablanca12@gmail.com,,+5492914613658,Calificado,True
274366,Dante,22008,Activo,detagliaferro@outlook.com,,+5491133935605,Moderado Agresivo,True
1621322,Claudio,21973,Activo,csalazzari@gmail.com,flores_fernanda@yahoo.com.ar,+5491126699489,,False
1334159,Melina,21899,Activo,meligrieben@gmail.com,,+5491121551496,Moderado,True
494773,Carlos,20305,Activo,carlosrpelaez@gmail.com,,+5492214285376,Calificado,True
661098,Maria,20231,Activo,maisgui@gmail.com,,+5493624560588,Moderado,True
966156,Federico,20084,Activo,fcanonero@gmail.com,guillermo.canonero@gmail.com,+5491155086461,Agresivo,True
1135220,Gustavo,19929,Activo,gdigresia@gmail.com,,+5493413812982,Moderado,True
482152,Pamela,19751,Activo,pamewilkinson@gmail.com,,+5493425271793,Moderado Agresivo,True
854300,Nicolas,19605,Activo,nicovasta@hotmail.com,,+5492215697927,,False
890058,Ramiro,19423,Activo,ramirobuchaca_hs@hotmail.com,,+5491125053458,Moderado,True
349646,Luis,19393,Activo,luisignacioastorga@gmail.com,,+5492215754520,Moderado,True
1165128,Jose,19183,Activo,hega.servicios@gmail.com,lilicia7@gmail.com,+5493814386364,Calificado,True
669173,Marina,18827,Activo,marinacanu@yahoo.com.ar,,+5492284309271,Calificado,True
72525,Alejandro,18690,Activo,SMPOSSE@GMAIL.COM,ALEJANDRO.POSSE@YAHOO.COM.AR,47836620,,False
648793,Sandra,18413,Activo,sandra.arneri@gmail.com,,+5491166162990,Calificado,True
274461,Jorge,18254,Activo,facu_jj@hotmail.com,,+5491158085024,,False
378821,Gustavo,18053,Activo,gustavoabarbero@gmail.com,,+5492364592567,Moderado Agresivo,True
693074,Juan,17943,Activo,lubrano@comex.com.ar,,+5491150035724,Moderado,True
607830,Ricardo,17866,Activo,cas7ipincha@gmail.com,,+5495436099884,Moderado Agresivo,True
650633,Maria,17559,Activo,josevanella18@gmail.com,,+5492615117697,Moderado,True
786798,Francisco,17121,Activo,franrodriguez81@hotmail.com,,+5493425360347,Moderado Agresivo,True
1200806,Roberto,17025,Activo,javier.liberti@gmail.com,,+5491136992108,Moderado Agresivo,True
448685,Germán,16882,Activo,german.behrens99@gmail.com,,+5491169514178,Moderado,True
612213,Carolina,16796,Activo,carolinadarocha@live.com,,+5491130406706,Moderado,True
420849,Micaela,16550,Activo,vulcano.1583@gmail.com,,+5491166080645,Moderado Agresivo,True
1070809,Federico,16491,Activo,fedegg2002@yahoo.com.ar,,+5491133180470,Moderado,True
592411,Pablo,16241,Activo,psolivares@yahoo.com.ar,cecilia.camisay@gmail.com,+5492614713918,Moderado,True
537447,Alan,16187,Activo,titodiazpierri@gmail.com,,+5491123976659,Moderado,True
838480,Nilda,16167,Activo,veroco-82@hotmail.com,,+5493624751846,,False
497632,Camila,16022,Activo,camilagonzalezaguada@gmail.com,,+5493644344100,Moderado,True
987777,Rosario,15907,Activo,rosario_frers@hotmail.com,,+5491149390010,Moderado,True
884185,Manuel,15772,Activo,manuelfabiansalas@gmail.com,,+5491153394377,,False
545179,Gabriel,15684,Activo,gab.solioz111@gmail.com,,+5493434195631,Moderado Agresivo,True
491532,Nicolas,15501,Activo,nicolasmaldo.e@gmail.com,,+5492214375222,Moderado,True
267623,Pablo,15096,Activo,pabloakerman@yahoo.com.ar,,+5491159642137,Moderado,True
539608,David,15084,Activo,dbressan_007@hotmail.com,,+5493482547741,Moderado Agresivo,True
906928,Mirta,14924,Activo,mmdominguez12@gmail.com,,+5493388458907,Calificado,True
947659,Laura,14759,Activo,lauramarianagomez.81@gmail.com,,+5491139511316,Moderado,True
895051,Juan,14511,Activo,juanigmollo@gmail.com,,+5491168444177,,False
1462163,Julian,14472,Activo,alvarezjulianignacio@gmail.com,,+5491164184026,Agresivo,True
270247,Roberto,14269,Activo,roberto@hoya.pw,,+5493515935335,Moderado,True
72153,Emanuel,14138,Activo,emanuelflores2424@yahoo.com.ar,,4201-4798,Moderado Agresivo,True
586160,Carla,13930,Activo,cjdisidoro@hotmail.com,,+5491158950644,,False
648787,Ivana,13816,Activo,ivanaporto@live.com,,+5491159827321,Moderado Agresivo,True
648698,Mariela,13562,Activo,marielalaura2012@hotmail.com,,+5491144053343,Sin definir,True
832002,Pablo,13455,Activo,gatopezeta@gmail.com,,+5492994026504,,False
544829,Ignacio,13308,Activo,ignaciocuevas167@gmail.com,,+5493624078658,Moderado Agresivo,True
709175,Ignacio,13223,Activo,igarciacallegari@gmail.com,,+5491136855093,Moderado,True
427093,Jesica,12837,Activo,ump_j@hotmail.com,,+5491169081216,,False
1018218,Fabian,12585,Activo,dannafa1@gmail.com,andreecheve65@gmail.com,+5491139995170,Moderado,True
513722,Leonardo,12542,Activo,leopaleari70@gmail.com,,+5491157697067,Moderado,True
270166,Andres,12402,Activo,andresno911@gmail.com,,+5493815935382,Moderado,True
681044,Sergio,12340,Activo,sergio.rr188@gmail.com,,+5492954366456,Moderado,True
679556,Mariano,12161,Activo,marianotomastula@gmail.com,,+5493755236789,Moderado Agresivo,True
469787,Lautaro,11978,Activo,lautaroaliz01@gmail.com,,+5492235773357,Calificado,True
640159,Patricio,11741,Activo,patriciomcoronel@gmail.com,,+5491138900314,Moderado,True
1442842,Juan,11719,Activo,jignacio.villegas@outlook.com,,+5491157340883,Agresivo,True
893104,Maximiliano,11626,Activo,maximilianofernandez086@gmail.com,,+5492644137523,Moderado Agresivo,True
431603,Claudio,11618,Activo,estudiocardinali@gmail.com,,+5493364678274,Moderado Agresivo,True
515831,German,11143,Activo,ger-ariel-73@hotmail.com,,+5492216786286,Moderado Agresivo,True
368550,Gustavo,11132,Activo,gustavomaggi35@hotmail.com,,+5493584170727,Moderado,True
1150296,Federico,11029,Activo,fedegrittini@hotmail.com,,+5493513880854,Calificado,True
273574,Horacio,11012,Activo,horaciop@juradogolf.com,,+5491162832615,,False
742032,Andres,10818,Activo,hoyandres@hotmail.com,,+5493874567160,Moderado Agresivo,True
271821,Andres,10566,Activo,andresevduarte@gmail.com,,+5491164955634,Calificado,True
818112,Jorge,10370,Activo,falasco.damian@gmail.com,,+5492215118491,Moderado,True
532200,Natalia,10241,Activo,natiocampo.75@gmail.com,,+5493834349747,,False
497697,Romina,10235,Activo,romigaf@gmail.com,,+5491144358641,,False
1404903,María,10206,Activo,mmdeleo@gmail.com,pauli.fuhr@gmail.com,+5491161000733,,False
263767,Manuel,10122,Activo,mvallema@outlook.com,,+5491130307761,,False
1267794,Hector,10113,Activo,estrelladelplata2023@hotmail.com,esterdesanti@hotmail.com.ar,+5491136853832,,False
497679,Federico,9928,Activo,fedebeh@gmail.com,,+5491135118886,Moderado,True
921796,Cielo,9724,Activo,cielorocella@gmail.com,,+5491166084561,Moderado,True
957686,Renata,9610,Activo,renata.pinedovaldiviezo@gmail.com,,+5492364626564,,False
162583,Vanina,9605,Activo,lubrano@comex.com.ar,vpl18@yahoo.com.ar,+5491150035512,Moderado,True
840696,Ariel,9534,Activo,arieldepaz@hotmail.com,,+5492236885726,Conservador,True
1472714,Agustín,9523,Activo,agustingermanrojas@gmail.com,,+5491167170089,Moderado,True
792055,Emmanuel,9239,Activo,taunus_emma@hotmail.com,,+5492262513710,Moderado,True
738400,Sebastian,9222,Activo,seebauranga@hotmail.com,,+5492396422197,Moderado,True
849640,Andres,9196,Activo,cholofederico12@gmail.com,,+5491157972411,Calificado,True
496869,Gustavo,9176,Activo,martinezgemanuel@gmail.com,,+5491132667217,Moderado Agresivo,True
496376,Cristian,9138,Activo,cdactis@gmail.com,,+5491138930355,Moderado,True
1444848,Maria,9063,Activo,mnazarethmorganti@gmail.com,,+5491123111658,Moderado Agresivo,True
561063,Juan,9057,Activo,juanfacundolanguasco@gmail.com,,+5493434505317,Moderado Agresivo,True
1260792,Natalia,9020,Activo,nbucar45@gmail.com,,+5492215433684,Moderado,True
700245,Natalia,8972,Activo,natanaveda@gmail.com,,+5492644138384,Moderado,True
1191812,Josefina,8827,Activo,josefinaferrerog@gmail.com,,+5492302550638,Moderado,True
1003897,Jesica,8796,Activo,jesioggiuni@hotmail.com,alejo_fenoglio@hotmail.com,+5493425314876,Calificado,True
387997,Andres,8788,Activo,andresnicolasvallesleivi@gmail.com,,+5491166705424,Moderado,True
809251,Pablo,8637,Activo,pablozanin1975@gmail.com,,+5492954511590,Moderado,True
718733,Humberto,8548,Activo,hhfantastico14@gmail.com,,+5493815175808,,False
275675,Julian,8509,Activo,airesamuel@gmail.com,,+5491169326140,Moderado Agresivo,True
1085020,Cristian,8499,Activo,criskomer@gmail.com,,+5491126392935,,False
507365,Jose,8465,Activo,jovimartinelli@hotmail.com,,+5491158329411,Moderado,True
721251,Diego,8437,Activo,diegoabalos@hotmail.com,,+5491159351356,Agresivo,True
263939,Jorge,8385,Activo,alejandro.yannucci@gmail.com,,+5492604811479,Moderado Agresivo,True
609073,Fabricio,8378,Activo,fabricio.saavedra@outlook.com,,+5492974009209,Moderado,True
923211,Horacio,8358,Activo,plinio3xxx@gmail.com,,+5492805033307,Conservador,True
1079591,Joaquin,8183,Activo,joa_164@hotmail.com,,+5493446568014,Moderado Agresivo,True
741270,Gabriel,8181,Activo,ivanhornus@hotmail.com,,+5493445419639,Moderado Agresivo,True
1557046,Roberto,8003,Activo,arqcrismartinelli@gmail.com,rcagnoli@gmail.com,+5493446531208,Moderado Agresivo,True
1014203,Maria,7854,Activo,mar.eugenia.mar1@gmail.com,,+5493426147631,Moderado,True
1353300,Miranda,7823,Activo,sanchezmiranda078@gmail.com,,+5491138905121,Moderado Agresivo,True
963867,Bruno,7789,Activo,salzobmanu@gmail.com,,+5492604682811,Moderado Agresivo,True
390139,Daniela,7590,Activo,daniela_ggioia@hotmail.com,,+5491154681448,,False
421452,Susana,7480,Activo,susanaboccalatte@yahoo.com.ar,,+5491149350821,,False
1346543,Rodrigo,7463,Activo,pumarc1057@gmail.com,,+5492914420462,,False
504606,Victoria,7340,Activo,victoriazerrizuela01@gmail.com,,+5491132082510,Moderado,True
270251,Rafael,7329,Activo,reruiz1969240@gmail.com,,+5491121684123,,False
1325491,Eduardo,7298,Activo,torres415@gmail.com,,+5491168916612,Calificado,True
557758,Fabrizio,7289,Activo,chichoferrari@hotmail.com,,+5493516346599,Moderado,True
917072,Nora,7261,Activo,norarueff@gmail.com,,+5491153399415,Moderado,True
426494,Jessica,7242,Activo,jesms2000@yahoo.com.ar,,+5491130739324,Moderado Agresivo,True
533370,Mía,7225,Activo,arrigonimia@gmail.com,,+5491124097212,Moderado Agresivo,True
999397,Marcos,7207,Activo,mbrogin@hotmail.com,,+5493516770110,Moderado,True
799202,Ariana,7051,Activo,arianagreco@yahoo.com.ar,,+5492984520079,Moderado,True
472424,Juan,7022,Activo,juan.g.gonzalez13400@gmail.com,,+5491138815753,Moderado,True
456262,Antonela,7002,Activo,anto.anzuaga@hotmail.com,,+5491158925863,Moderado,True
1272275,Gonzalo,6999,Activo,lordagt@gmail.com,,+5491134740122,,False
413561,Juana,6936,Activo,dnatu01@gmail.com,,+5492975063574,Moderado,True
781697,Liliana,6887,Activo,lviejo56@gmail.com,,+5492983545209,Moderado,True
403701,Sabine,6838,Activo,webersabinee@gmail.com,,+5493764140756,Moderado,True
1596393,Junior,6829,Activo,juniorjosewg@gmail.com,,+5491149898623,Moderado Agresivo,True
266892,Juan,6779,Activo,rochamatias@hotmail.com,,+5491140415304,,False
743657,Tomas,6779,Activo,tecolombo10@gmail.com,,+5491136352731,Sin definir,True
588824,Rocio,6737,Activo,gon.solange17@gmail.com,,+5491168032941,,False
818205,Natalia,6690,Activo,rommy_nv@hotmail.com,,+5492920663876,Moderado,True
1401326,Nicolas,6633,Activo,chernandez2506@hotmail.com,nahernandez0894@gmail.com,+5491134658072,Moderado Agresivo,True
1150311,Carlos,6619,Activo,fierro052@gmail.com,,+5493815224800,Moderado,True
636624,David,6596,Activo,davidszumczuk@gmail.com,,+5491158719135,Moderado,True
436360,Maria,6508,Activo,perezmb5@gmail.com,,+5491141968709,Calificado,True
438539,Graciela,6502,Activo,gracihelen_996@yahoo.com.ar,,+5491163240283,,False
459794,Graciela,6468,Activo,graciela.montani@gmail.com,,+5491163038274,Moderado,True
843899,Valeria,6406,Activo,valeferreyra03@gmail.com,,+5491157055066,Moderado,True
645265,Alejandro,6380,Activo,arsantagati@gmail.com,,+5491157359940,Moderado,True
694664,Francisco,6380,Activo,gutierrez.f1999@gmail.com,,+5491131625389,Moderado,True
551100,Jesus,6340,Activo,jesusgutie9@gmail.com,,+5491123916534,Moderado,True
508033,Carlos,6316,Activo,pasetti@live.com,,+5491157535779,Moderado,True
996492,Lucila,6176,Activo,lucila.martinetti@gmail.com,,+5491128183400,,False
906314,Julia,5993,Activo,ferrarij13@gmail.com,,+5495000335227,Moderado,True
793660,Leonardo,5982,Activo,leonardo.calzetta@gmail.com,,+5492615443445,Moderado,True
554511,Héctor,5979,Activo,hector.emanuel.retamozo@gmail.com,,+5491154862288,Moderado,True
710168,Magali,5937,Activo,mmagadelhoyo@gmail.com,,+5491154136795,,False
383291,Maria,5926,Activo,rcagnoli@gmail.com,,+5493446531208,,False
936966,Maria,5859,Activo,romantiside.ald@gmail.com,,+5491162952830,,False
496405,Francisco,5838,Activo,franciscoagustinlai@gmail.com,,+5491122383193,,False
648777,Adolfo,5791,Activo,adolfowirth@hotmail.com,,+5493815654599,Moderado Agresivo,True
70976,Mariana,5650,Activo,maris7772003@hotmail.com,,1561838295,,False
554507,Maria,5637,Activo,julianavaquero@gmail.com,,+5492915160939,Moderado,True
1111378,Rocio,5632,Activo,rocioo.belen.martinez@gmail.com,,+5492920604236,Moderado,True
827639,Miguel,5557,Activo,miguelangellegui@hotmail.com,,+5491165635355,Moderado Agresivo,True
466948,Gabriela,5363,Activo,gabriela.rgb@gmail.com,,+5491144930628,Moderado,True
630898,Roger,5324,Activo,talleracevedohnos@gmail.com,,+5492216136401,Moderado Agresivo,True
435075,Mariela,5307,Activo,mpsapia@yahoo.com,,+5491144491487,,False
370592,Brenda,5278,Activo,brenda.fagan@hotmail.com,,+5492215927312,Conservador,True
1435405,Cecilia,5217,Activo,ceciliagiaimo.2410@gmail.com,,+5491132192244,Moderado,True
1403982,Alejandro,5191,Activo,aleanza65@gmail.com,,+5491159733963,,False
287267,Andres,5132,Activo,andres.peyrano@hotmail.com,,+5491159544310,Moderado,True
393847,Flavia,5072,Activo,lanari.flavia@gmail.com,,+5491133296922,Moderado,True
1306517,Erika,4970,Activo,martinezaranaerika@gmail.com,,+5491139537046,Moderado,True
916915,Maria,4902,Activo,santarrone@gmail.com,,+5493424289141,Moderado,True
404682,Nicolas,4882,Activo,nicopsa22@gmail.com,,+5492901415033,Moderado,True
1439164,Victoria,4869,Activo,vciccia@gmail.com,,+5491161600956,,False
560657,Amalia,4724,Activo,amaliarociosafi@gmail.com,,+5492236681634,,False
464531,Julieta,4696,Activo,julietadavolio888@gmail.com,,+5493513773969,Moderado Agresivo,True
390693,Tobias,4676,Activo,tobias.kidd@hotmail.com.ar,,+5493388509194,,False
1513760,Corina,4663,Activo,corinaesposito28@gmail.com,,+5491136284309,Moderado,True
941426,Lautaro,4658,Activo,lautarovidal4323@gmail.com,,+5493413211597,Moderado Agresivo,True
1585940,Carolina,4611,Activo,carolinacoria98@gmail.com,,+5491154871690,Moderado,True
713811,Analia,4580,Activo,liamontero15@gmail.com,,+5491124760259,,False
661900,Matias,4548,Activo,mfusco747@gmail.com,,+5491160002863,,False
648568,Sebastian,4534,Activo,gonzalorodriguez611@hotmail.com,mariadelcarmenmercuri@hotmail.com,+5491144371649,Moderado,True
526836,Facundo,4460,Activo,romanofacundo98@gmail.com,,+5491123387785,Moderado Agresivo,True
376888,Eduardo,4459,Activo,eduardorovito@gmail.com,,+5491140672087,Moderado,True
292005,Federico,4426,Activo,federico.herran@outlook.com,,+5491154986683,Calificado,True
442870,Matias,4409,Activo,mlgiannasi@gmail.com,,+5492214883589,,False
927453,Sergio,4257,Activo,contessisergio13@gmail.com,,+5493525457078,Moderado,True
669830,Diego,4238,Activo,diego_pelusso@hotmail.com,,+5491121644029,Moderado,True
982426,Cesar,4230,Activo,cesar_cavo@hotmail.com,,+5492364565191,,False
270641,Javier,4228,Activo,jvrgonzalez72@gmail.com,,+5491167413486,Moderado,True
495464,Matias,4220,Activo,matias.azurdo@gmail.com,,+5493487510248,Moderado,True
1425104,Daniela,4208,Activo,danibsosa@gmail.com,,+5491169998090,Moderado,True
1446653,Justina,4200,Activo,justinaroca67@gmail.com,,+5491123797715,Moderado,True
383372,Maria,4178,Activo,eugesaboridop@gmail.com,,+5491160072822,Moderado,True
1415140,Eugenia,4164,Activo,zgradich.eugenia@gmail.com,,+5491137640884,Moderado,True
394091,Alejandro,4005,Activo,mazzeo.alejandro@gmail.com,,+5491164927254,Moderado,True
1412507,Martin,3995,Activo,martinjeremiasbarros00@gmail.com,su.ai.star2000@gmail.com,+5492995080368,,False
401005,Marcelo,3933,Activo,marcelo.ibanez09@gmail.com,,+5493812095144,,False
618840,Alvaro,3909,Activo,alvaro_sj22@hotmail.com,,+5493815408029,Moderado,True
380275,Gianluca,3878,Activo,gianl.iacono@gmail.com,,+5492216269693,Moderado,True
610243,Ariadna,3855,Activo,gonzalezlutzariadna@gmail.com,,+5492213507219,Moderado Agresivo,True
273635,Francisco,3842,Activo,ravafrancisco@gmail.com,,+5491136729511,Moderado,True
398679,Ricardo,3832,Activo,ricardolitwinow@gmail.com,,+5491141560599,Calificado,True
1416456,Fernando,3819,Activo,fjviejobueno@gmail.com,,+5493815447091,,False
436033,Camila,3761,Activo,camilascherneski@gmail.com,,+5491151587125,Moderado,True
841397,Tomas,3729,Activo,cerrudotomas.tc@gmail.com,,+5491167206198,Moderado Agresivo,True
778924,Maria,3687,Activo,lauradg3012@hotmail.com,,+5492644416493,,False
1269438,Jose,3686,Activo,jose.eparma@gmail.com,,+5491150541383,,False
467692,Maximiliano,3680,Activo,elverdin@hotmail.com,,+5492396546951,Moderado,True
477211,Marcos,3632,Activo,marcoscabello12@gmail.com,,+5491164500505,Moderado Agresivo,True
933206,Ronnie,3577,Activo,ronnie.sifontes@gmail.com,,+5491127284213,Moderado,True
1345152,Joaquin,3570,Activo,joaquineseta@gmail.com,,+5491134704055,Moderado,True
830333,Jennifer,3527,Activo,yeenny.93@gmail.com,,+5491165840283,Moderado,True
661177,Elena,3475,Activo,alielenaraquel@gmail.com,,+5491168198069,,False
373987,Damian,3360,Activo,damiancrifo@gmail.com,,+5491131731728,Moderado,True
661178,Agustina,3309,Activo,a.silombra@gmail.com,,+5491159371314,Moderado,True
896688,Alan,3253,Activo,alanl.ruiz@hotmail.com,,+5493816257114,Moderado,True
606850,Maria,3218,Activo,maite_reyes@hotmail.com,,+5491154294865,,False
703582,Gustavo,3206,Activo,gustavo_enrico@hotmail.com,,+5491131538375,,False
500071,Maria,3185,Activo,oteromariaf@gmail.com,,+5491133895595,Moderado,True
1099551,Luz,3176,Activo,luzsalta@hotmail.com,,+5491160333661,Moderado,True
922736,Sabrina,3144,Activo,sabrina_ac@hotmail.com,,+5491158493525,,False
449572,Leonardo,3143,Activo,leo.guanco@gmail.com,,+5491160351021,Moderado,True
1471746,Javier,3129,Activo,climbervms@yahoo.com.ar,,+5492804865544,Moderado,True
511614,Ernesto,3062,Activo,egromero2023@gmail.com,,+5491161850092,Calificado,True
442120,Julian,2980,Activo,juli.moreno1802@gmail.com,,+5492954576173,Moderado,True
1641377,Nadia,2980,Activo,naeperdomo@gmail.com,nicolas190194@gmail.com,+5491161567470,Moderado,True
1081285,Abel,2940,Activo,abelruiz19579@gmail.com,,+5491155137985,Moderado,True
1029759,Maria,2915,Activo,masantarrone@gmail.com,diegohauque@yahoo.com.ar,+5493425402108,Moderado,True
793629,Ana,2890,Activo,ramosanaines@gmail.com,,+5492494594350,,False
1032670,Lorena,2879,Activo,estudio.delgadolorena@gmail.com,,+5491132073464,Moderado,True
951562,Lourdes,2878,Activo,lula.richard9@gmail.com,,+5493875664914,,False
273839,Antonela,2809,Activo,antoneladigennaro@hotmail.com,,+5491151435981,Moderado,True
617899,Jorge,2807,Activo,morganti7@hotmail.com,,+5493416855665,,False
452380,Maria,2806,Activo,mar20_82@hotmail.com,,+5493814671891,,False
391352,Francisco,2757,Activo,kurylowiczfrancisco@gmail.com,,+5492974299191,Moderado Agresivo,True
520307,Anibal,2629,Activo,cruzanibal2017@gmail.com,,+5492974002562,,False
943035,Mariano,2614,Activo,banderloog_may@hotmail.com,,+5491123093692,,False
846126,Guillermo,2609,Activo,gjdarsy@hotmail.com,,+5491131130721,Conservador,True
653137,Martín,2608,Activo,martinfpereyra@outlook.com,,+5492616414186,Moderado,True
270127,Magdalena,2595,Activo,salasrossi@hotmail.com,,+5492215346747,,False
688178,Adrián,2589,Activo,adrianpalombi56@gmail.com,,+5493476352505,Moderado,True
418078,Gisel,2587,Activo,giseldaniele56@gmail.com,,+5493562510145,Moderado,True
75568,Daniel,2567,Activo,danielmgroisman@gmail.com,,+5491161405491,,False
1442340,Florencia,2550,Activo,flrivalta@gmail.com,,+5491140311796,Moderado,True
1470624,Danilo,2519,Activo,danilocanaveral@gmail.com,zuritajosefina12@gmail.com,+5491137020075,,False
562041,José,2504,Activo,jikoncu@gmail.com,,+5492302517305,Moderado,True
271658,Guillermo,2473,Activo,gaperazzo@gmail.com,,+5491167849196,Moderado,True
407717,Edgardo,2428,Activo,edgardocorvatta@hotmail.com,,+5492477450503,Sin definir,True
1544438,Angel,2389,Activo,ing.angelverdu@gmail.com,yowalis11@gmail.com,+5491133794900,,False
1386210,Leila,2373,Activo,leila.2008@live.com.ar,,+5491137963020,Moderado,True
1470236,Denisse,2325,Activo,denubacher@gmail.com,,+5491123005674,,False
1021894,Nathalie,2315,Activo,natirozentul@gmail.com,,+5491131688581,Moderado,True
1257773,Camila,2314,Activo,camilaabenitez@hotmail.com,,+5491169113283,Moderado,True
1478427,Candela,2309,Activo,candelabarba9@gmail.com,,+5491169711895,Moderado,True
764061,Camila,2303,Activo,camicargasacchi@gmail.com,,+5491131517832,,False
790559,Pablo,2266,Activo,pablomroc@hotmail.com,,+5491151455328,Moderado,True
1259000,Camila,2254,Activo,cami.brown@hotmail.com,,+5492213516420,,False
905034,Jose,2214,Activo,jquimot@gmail.com,,+5491156418296,Moderado Agresivo,True
515995,Jessica,2203,Activo,jessi.rodriguez898@gmail.com,,+5493417504526,Moderado,True
558609,Lucas,2189,Activo,lucasbosco123@hotmail.com,,+5491136093568,Calificado,True
75580,Alejandro,2184,Activo,alejandrovalado@gmail.com,,+5491136064910,,False
867121,Daniela,2138,Activo,gcalafell@hotmail.com,daniela_ggioia@hotmail.com,+5491134010112,,False
606789,Jorge,2113,Activo,rapariangelillo@gmail.com,,+5491125052903,,False
1434447,Matias,2081,Activo,turco32554@gmail.com,,+5491136986212,Sin definir,True
793648,Diego,2073,Activo,diegotorreslupe@gmail.com,,+5491138005015,,False
1157596,Maria,2072,Activo,florvalenalva@gmail.com,,+5493516190018,Moderado,True
358472,Tomás,2068,Activo,tomsanchez95@gmail.com,,+5491166592848,Moderado Agresivo,True
500459,Andy,2044,Activo,andymartinezot@gmail.com,,+5491167880923,Moderado,True
1333012,Maria,2010,Activo,silvacielito@gmail.com,,+5492604626775,,False
1339310,Laura,2007,Activo,le.floresle@gmail.com,,+5491164508867,Sin definir,True
584711,Aldana,2004,Activo,aldanavcaceres@gmail.com,,+5493537441570,Moderado,True
1438900,Tomás,2001,Activo,tomas.erburu96@gmail.com,,+5491150447802,,False
1083539,Camila,1993,Activo,cami3198tormakh@gmail.com,,+5491122943535,Moderado,True
618644,Dario,1962,Activo,massodario@gmail.com,,+5493537327246,Moderado,True
1501198,Luciano,1954,Activo,lucianodefilippe@gmail.com,,+5493434515377,Moderado,True
678717,Miguel,1952,Activo,kikecostello@gmail.com,,+5493513195417,Calificado,True
626180,Nestor,1948,Activo,nestorariel40@gmail.com,,+5493483469460,Moderado Agresivo,True
1360758,Carolina,1914,Activo,carola_699@hotmail.com,,+5491161084547,Moderado,True
1273014,Daniela,1886,Activo,danielabonomo@hotmail.com,,+5491134788714,,False
495467,Franco,1883,Activo,franniroo@gmail.com,,+5491166379681,Moderado Agresivo,True
661179,Naiara,1883,Activo,juanchininaiara@gmail.com,,+5491124536152,Moderado,True
70271,Marisa,1868,Activo,marisabolzan@hotmail.com,,(011) 2071-4327,,False
1022635,Juan,1868,Activo,josemigueltdf@gmail.com,,+5492964554068,Moderado,True
273622,Sabrina,1819,Activo,caprysab@gmail.com,,+5491162723336,,False
272296,Joaquin,1806,Activo,joaquinmusu@live.com.ar,,+5491164098360,,False
580508,Quimey,1798,Activo,quimeyrojas2016@gmail.com,,+5493469690813,Moderado,True
428028,Roberto,1791,Activo,r_j_d@hotmail.com,,+5492964611286,Moderado,True
635835,Facundo,1770,Activo,facugarbin@gmail.com,,+5491141488145,Moderado Agresivo,True
663884,Alejandro,1757,Activo,alejandro.gaidolfi@mercadolibre.com,,+5493515558438,Moderado,True
1099913,Valeria,1735,Activo,valeriascuotto@hotmail.com,,+5491136337564,Moderado,False
1432456,Belen,1726,Activo,celestebr1625@gmail.com,,+5491130015392,,False
650611,Cecilia,1720,Activo,cecilia.mlgz@gmail.com,,+5493624202480,Moderado,True
270006,Francisco,1700,Activo,fran.papaleo@gmail.com,,+5491140995766,,False
743645,Alberto,1688,Activo,albertoomar2006@gmail.com,,+5491150069151,Moderado,True
829702,Gustavo,1674,Activo,gavullo@hotmail.com,,+5493412517000,Moderado,True
1110885,Melisa,1661,Activo,clementemelisa@hotmail.com,,+5491153203023,Moderado,True
380661,Luis,1645,Activo,drluiscorts@gmail.com,,+5492634385642,,False
893672,Roberta,1610,Activo,robertapozzi82@gmail.com,,+5493424304669,,False
273887,Andres,1605,Activo,andiblas@gmail.com,,+5491166711650,Moderado Agresivo,True
1260804,Juan,1601,Activo,juancm69.jcm@gmail.com,lorenapiermatei16@gmail.com,+5493467643761,Moderado Agresivo,True
878665,Florencia,1590,Activo,flor.agostina92@gmail.com,,+5493886456389,Moderado,True
281798,Olimpia,1567,Activo,gladys.os@hotmail.com,,+5491167099745,Calificado,True
271996,Ignacio,1546,Activo,difilippoignacio@gmail.com,,+5491137597124,Moderado,True
420827,Facundo,1536,Activo,facundo.msella@gmail.com,,+5493516008021,,False
581168,Talia,1510,Activo,talicardozo@hotmail.com,,+5491130018958,Moderado,True
275302,Anibal,1505,Activo,masystems.ush@gmail.com,,+5492901470802,Moderado,True
1257766,Juan,1505,Activo,jmnune73@gmail.com,,+5491158034761,,False
1071931,Patricia,1500,Activo,pslus8@hotmail.com,,+5491156008814,Moderado,True
921793,Ludmila,1492,Activo,ludmalavolta@gmail.com,,+5491132968865,Moderado,True
367345,Damian,1489,Activo,damian84781@gmail.com,,+5491171340877,Moderado,True
275553,Hernan,1475,Activo,hehait@gmail.com,,+5491163701928,,False
271316,Ricardo,1460,Activo,barracabravo@curuzu.net,,+5493774633073,Moderado,True
1200812,Oscar,1438,Activo,oscaralexisponce@gmail.com,loli.campisi@gmail.com,+5491164262268,Moderado,True
933207,Juliana,1434,Activo,julianaasprea@gmail.com,,+5492923530162,,False
274726,Luis,1423,Activo,lvsmix@gmail.com,,+5491167496497,Calificado,True
915613,Ximena,1410,Activo,majunavarro84@gmail.com,,+5491131420102,,False
1175983,Daniela,1403,Activo,hannadandi@hotmail.com,,+5491154546372,Conservador,True
398646,Raul,1398,Activo,raulfzapata@hotmail.com,,+5492664644790,Moderado,True
848394,Catalina,1384,Activo,catalina.1945@hotmail.com,,+5491154862288,Moderado,True
275390,German,1382,Activo,gersir@hotmail.com,,+5491136785975,Moderado,True
789428,Aldana,1376,Activo,aldi.a15@outlook.es,,+5493413121859,Moderado,True
485240,Edwin,1344,Activo,edwinmdq@gmail.com,,+5492235359167,Moderado Agresivo,True
706938,Omar,1342,Activo,omiali013@gmail.com,,+5491158036591,Moderado,True
311495,Alfredo,1337,Activo,alfredo.augier@hotmail.com,,+5493815824852,Moderado,True
410232,Fernando,1307,Activo,fernandoarevalo1979@hotmail.com,,+5491132433387,,False
963579,Adriana,1307,Activo,adriana_carolina84@hotmail.com,,+5491159342710,,False
728653,Maria,1306,Activo,maria.alejandra.fauquie@gmail.com,fnaltamirano@gmail.com,+5491132843614,,False
273220,Leandro,1272,Activo,lguidarelli@hotmail.com,valeriaparra01@hotmail.com,+5492625523934,Moderado,True
1295402,Maria,1264,Activo,tllambias@gmail.com,,+5491164833814,Moderado,True
563332,Eduardo,1259,Activo,evernengo@gmail.com,,+5491160461653,Moderado,True
517270,Pablo,1254,Activo,pablsalgado@yahoo.com.ar,,+5491150129544,Moderado,True
374067,Gaston,1251,Activo,g3waisglas@gmail.com,,+5491122908889,Moderado Agresivo,True
1021477,Antonela,1242,Activo,ulbinaantonela@gmail.com,,+5493413658370,Moderado,True
484220,Santiago,1226,Activo,santiago.ragni7@hotmail.com,,+5495415550323,Moderado,True
1268555,Martin,1226,Activo,alessandroknoll@gmail.com,,+5493794212945,,False
928201,Sergio,1224,Activo,sceballos62@gmail.com,,+5491133661868,,False
704691,Damian,1221,Activo,damian_raniolo@hotmail.com,,+5492923468286,,False
716821,Theylor,1219,Activo,reyestheylor@hotmail.com,,+5491123860823,,False
1356184,Maria,1208,Activo,mariapazyeber@gmail.com,,+5491159925500,,False
272910,Marcos,1205,Activo,marcos.pazdomingo@gmail.com,,+5491154137804,Moderado Agresivo,True
706719,Florencia,1202,Activo,lic.faranda@gmail.com,,+5491160024185,,False
271091,Lucio,1199,Activo,luciosurt94@gmail.com,,+5493454935382,Moderado Agresivo,True
574875,Alfredo,1175,Activo,ezequielalfredo88@gmail.com,,+5491126651984,Moderado,True
918957,Federico,1161,Activo,fede90neco@gmail.com,,+5492262607443,,False
1511293,Agostina,1160,Activo,agos.petraglia93@gmail.com,,+5491132273793,Moderado,True
284596,Eduardo,1148,Activo,eduardo.borri@bertottocorp.com,,+5493472624230,,False
540884,Kevin,1148,Activo,kevinchacong95@gmail.com,,+5491123914282,,False
947709,Alejandra,1143,Activo,alejandra.nieto79@hotmail.com,nicolas.omar@hotmail.com,+5491158575914,Moderado,True
942255,Braian,1137,Activo,braian10lezcano10@gmail.com,,+5491134044795,Moderado,True
917630,Carolina,1136,Activo,caro.salvav@gmail.com,,+5492964540610,Moderado,True
536243,Sebastian,1106,Activo,sebaman77@hotmail.com,,+5493516787668,Moderado,True
571032,Mauro,1082,Activo,mauro.fernandez93@hotmail.com,,+5492614710880,Moderado,True
518868,Guillermo,1074,Activo,bazanguillermo@hotmail.com,,+5493515322806,Moderado,True
271866,Sergio,1063,Activo,sergio_fava@hotmail.com,,+5491159088355,,False
458722,María,1059,Activo,solreynoso_unica@hotmail.com,,+5493878435895,,False
1696899,Maria,1059,Activo,mariadelarua70@gmail.com,,+5493413717339,,False
848379,Alicia,1048,Activo,alicia-maria@live.com,,+5493704300273,Conservador,True
849516,Micaela,1046,Activo,micaela-arancibia@hotmail.com,,+5492215046979,Moderado,True
310908,Carlos,1043,Activo,veraadany@gmail.com,,+5491138149322,Moderado,True
688145,Aldana,1024,Activo,mundocoral.ceramica@gmail.com,,+5491138587431,Moderado,True
473456,Sofia,1023,Activo,seijas.sofia7@gmail.com,,+5493412792356,Sin definir,True
1346050,Jonathan,1020,Activo,jony.borowicz@gmail.com,,+5491155025740,Sin definir,True
1111856,Santiago,999,Activo,santiago.uad@gmail.com,,+5492804594386,Sin definir,True
1372828,Giuliana,959,Activo,giudellamaggiore@gmail.com,,+5493534129075,Moderado,True
912133,Maria,949,Activo,alulmari@gmail.com,,+5491164251073,Moderado,True
1267841,Valeria,946,Activo,valeriagibaut@hotmail.com,,+5492975931147,Moderado,True
1398598,Guillermina,943,Activo,g16palladino@hotmail.com,,+5491132346661,,False
1027390,Esteban,942,Activo,esteban_farma@yahoo.com.ar,,+5491156518055,Moderado Agresivo,True
1645910,Renan,942,Activo,renangr28@gmail.com,,+5491137031201,Sin definir,True
777328,Santiago,911,Activo,sanlobos05@gmail.com,,+5491132613760,Moderado Agresivo,True
481123,Franco,910,Activo,franborelli@gmail.com,,+5491150001182,,False
613242,Javier,871,Activo,jatprofe@yahoo.com.ar,,+5492914230000,Moderado,True
832563,Felix,863,Activo,humbertoflxchr@gmail.com,,+5493512553402,Calificado,True
389598,Facundo,854,Activo,facundoamigo91@gmail.com,,+5491135970806,Moderado,True
545099,Julian,846,Activo,julianestebancamino@gmail.com,,+5491134042910,Moderado,True
271763,Nicolas,820,Activo,nicolas.asensio@hotmail.com,,+5492664791493,Moderado,True
1158487,Ronald,820,Activo,ronaldmontero1974@gmail.com,,+5491165773281,Moderado,True
417769,Alejandro,809,Activo,alejandro.fanjul@despegar.com,,+5491133202157,,False
271225,Mario,807,Activo,delavegaalcalde@hotmail.com,,+5493825672633,Calificado,True
505551,Sergio,801,Activo,maxiireiinoso@hotmail.com,,+5491136869914,Moderado,True
905029,Jenniffer,795,Activo,jennifferortegadiaz@gmail.com,,+5491126528915,Moderado,True
553132,Cristian,791,Activo,pefcristianromero@hotmail.com,carolinav.longo@hotmail.com,+5491132603215,Moderado,True
377180,Stephanie,783,Activo,stepbader@gmail.com,,+5491131824030,Moderado,True
380743,Cinthia,774,Activo,marielagaleano05@outlook.com.ar,,+5491131353609,Moderado,True
712984,Claudina,763,Activo,claudina@voilaviajes.com.ar,,+5493446588932,Moderado,True
1396793,Facundo,753,Activo,facundo00trabajo@gmail.com,,+5492954678408,,False
673986,Federico,747,Activo,federicobacchi88@gmail.com,,+5491136174425,Moderado,True
1252449,Guillermo,747,Activo,guillermochaumont@yahoo.com,,+5491167038443,Moderado,True
749844,Antonela,730,Activo,antocasadei@yahoo.com.ar,,+5492920530211,Sin definir,True
824221,Sandra,729,Activo,sandruzuliani@yahoo.com.ar,,+5493426115360,Moderado,True
547409,Verónica,725,Activo,veroriechert@gmail.com,,+5492915047639,,False
1400643,Melani,723,Activo,simionattomelani@gmail.com,,+5493492417844,Moderado,True
957743,Natalia,720,Activo,planatalia@gmail.com,,+5491121894819,Moderado,True
790353,Maria,703,Activo,mebadaracco@yahoo.com.ar,,+5493794868442,Conservador,True
298407,Enzo,701,Activo,enzo_cordenos@hotmail.com,,+5493584290928,,False
376116,Bruno,690,Activo,bruno.magnano.m@gmail.com,,+5493513491935,,False
567174,Barbara,679,Activo,barbaragrazeto@gmail.com,,+5491140896754,Moderado,True
750207,Sol,672,Activo,solvissanimaccari@gmail.com,,+5491165190681,,False
363128,Nazareno,666,Activo,nazareno.gmele@gmail.com,,+5491155121429,Moderado Agresivo,True
1500396,Valentin,656,Activo,valentin.a.valdez.u@gmail.com,ump_j@hotmail.com,+5491136823797,,False
70374,Jose,654,Activo,jroldan@cmfb.com.ar,,1437,Sin definir,True
823000,Gisela,653,Activo,gise_vane@hotmail.com,,+5491123195837,Moderado,True
650657,Iara,634,Activo,iarariquelme95@gmail.com,,+5491157553204,Moderado,True
802219,Marcela,634,Activo,ingmarcelarojas@yahoo.com.ar,,+5491140783136,Sin definir,True
1646744,Irvin,634,Activo,cabalirvin@gmail.com,mishellba87@gmail.com,+5491160259445,Sin definir,True
1347549,Joaquin,631,Activo,arq.jgc.arg@gmail.com,,+5493624719172,,False
765688,Damian,628,Activo,damianandresfernandez@gmail.com,,+5491162750221,,False
711853,Raquel,623,Activo,bibipasten@yahoo.com.ar,,+5492604335023,Moderado,True
272639,Joel,619,Activo,joelsalinas11@gmail.com,,+5491164083875,Calificado,True
558121,Rocio,611,Activo,rociocaparros19@gmail.com,,+5491130074675,,False
1685828,Francisco,593,Activo,fran.papaleo@gmail.com,cecivarela@yahoo.com.ar,+5491140995766,Moderado,True
878696,Tiago,590,Activo,tiagocarignano24@gmail.com,,+5493401405299,Moderado,True
1091739,Marcos,577,Activo,marcosviano2014@gmail.com,,+5493513695965,Conservador,True
558096,Julieta,568,Activo,julietamiret@outlook.com,,+5491138024143,Moderado,True
607969,Ana,559,Activo,anita.carpediem@hotmail.com,,+5491161605700,,False
789019,Sofia,556,Activo,sofiavisuara@hotmail.com.ar,,+5491155675944,,False
1166086,Lucas,552,Activo,memmojeronimo@gmail.com,,+5491134579177,Moderado Agresivo,True
598813,Florencia,544,Activo,flornavarro04@gmail.com,,+5493874798170,Moderado,True
360883,Roberto,538,Activo,rcagnoli@gmail.com,,+5493446531208,Moderado Agresivo,True
950181,Rocio,537,Activo,rommb@hotmail.com,,+5492954443411,,False
757027,Eluney,522,Activo,eleludc@gmail.com,eluneylcastillo@gmail.com,+5491176338522,Moderado Agresivo,True
585920,Natalia,521,Activo,natiguillen@gmail.com,,+5491167617439,,False
880772,Pablo,519,Activo,phpalavecino@gmail.com,,+5492494520440,Moderado,True
316510,Irvin,518,Activo,guiamayorcabal@gmail.com,,+5491160259445,Moderado,True
762145,Noemi,507,Activo,noemi.sas@gmail.com,,+5491163053618,,False
566660,Carlos,504,Activo,javiersulaimanco@hotmail.com,,+5492974177904,Moderado,True
1413310,Melina,498,Activo,meligsegovia@hotmail.com,,+5491144127573,Moderado,True
880118,Gonzalo,487,Activo,gonzalovisentini@gmail.com,,+5493426511368,Moderado,True
716941,Juana,466,Activo,juanagracielaperez47@gmail.com,,+5493413214718,Sin definir,True
1290242,Matias,464,Activo,zaninmatias@gmail.com,,+5492954630982,Moderado,True
349394,Thomas,462,Activo,thomasmendezms@gmail.com,,+5491157287294,Calificado,True
275687,Maria,461,Activo,marielbbrm@gmail.com,,+5491160550742,,False
459240,Florencia,455,Activo,flormagnano@hotmail.com,,+5493413005180,,False
535485,Marilina,437,Activo,desireequiroga30@gmail.com,,+5493834617187,Moderado Agresivo,True
1007413,Luciana,436,Activo,luciana.canomedina82@gmail.com,,+5491134633136,Moderado,True
342068,Cristian,425,Activo,cristian.bonso@gmail.com,,+5491165528444,Moderado Agresivo,True
544805,Andrea,413,Activo,andrea.r.caminos@gmail.com,,+5491133054378,,False
1202822,Martina,411,Activo,marti.roggeri@gmail.com,,+5492901522407,,False
1183147,Camila,408,Activo,camimuller1@gmail.com,,+5493517613995,Moderado,True
978230,Pablo,405,Activo,grinpablo@gmail.com,,+5491155856636,,False
600120,Camila,402,Activo,cami.amalvy@gmail.com,,+5493764174101,Moderado Agresivo,True
856019,Lucas,399,Activo,metalucasjose@gmail.com,,+5491123969417,,False
553121,Oscar,383,Activo,atampioscar@hotmail.com,,+5492215592219,Moderado,True
1138670,Paula,382,Activo,contadora.mendez@hotmail.com,,+5492944535625,Moderado,True
438742,Maria,373,Activo,mery.g1714@gmail.com,,+5493704050114,Moderado,True
478925,Emmanuel,372,Activo,emma_48_@hotmail.com,,+5491130754128,,False
926851,Carla,363,Activo,antopinchalp@outlook.com,,+5492213587443,Moderado,True
917066,Fernando,360,Activo,fernandoabella@hotmail.es,lbcastiglia@yahoo.com.ar,+5491161350388,Moderado Agresivo,True
272729,Juan,358,Activo,echevarriajuancruz@hotmail.com,,+5492268535869,Moderado,True
821380,Ximena,352,Activo,ximena.ortiz.umai@gmail.com,,+5491160505359,Moderado,True
511978,Matias,337,Activo,matias7565@gmail.com,,+5493468407565,,False
894229,Mario,335,Activo,lili_mario@hotmail.com.ar,,+5492346651779,Moderado,True
537383,Joaquin,334,Activo,joacom_12@hotmail.com,,+5492474416457,Moderado,True
494774,Mariano,326,Activo,m.dansey@gmail.com,,+5493624001044,Calificado,True
764213,Denise,326,Activo,denu3427@gmail.com,,+5491157043636,,False
433569,Yesica,323,Activo,yesicaalavega@gmail.com,,+5492323531521,Moderado,True
799337,Juan,320,Activo,juansoriano259@gmail.com,,+5493854762935,,False
404591,Pablo,308,Activo,rinaldipf@gmail.com,loliarostegui@gmail.com,+5491160594044,Moderado Agresivo,True
1182267,Camila,299,Activo,camilascheffer34@gmail.com,,+5491153750749,Moderado,True
832593,Cecilia,291,Activo,cecilialuna.3094@gmail.com,,+5491161249767,Moderado Agresivo,True
559855,Martiniano,287,Activo,martinianolazo67@gmail.com,,+5493444526397,,False
1327106,Melanie,281,Activo,melanie.cuestas2315@gmail.com,,+5491161993932,Moderado Agresivo,True
772135,Javier,276,Activo,javatmk99@gmail.com,,+5493812097390,Moderado,True
270217,Guillermo,269,Activo,guillermo@fiesa.com.ar,,+5491144903942,Moderado,True
468654,Maria,269,Activo,alefediuk1015@gmail.com,,+5493758461646,Conservador,True
950946,Cristian,268,Activo,cndm07@gmail.com,,+5491158399917,Calificado,True
272027,Maria,262,Activo,maria.carolina.navarrete@gmail.com,,+5491136238893,Moderado,True
1034437,Ezequiel,261,Activo,inv.emorales@gmail.com,,+5491126409030,Moderado,True
1543140,Diego,261,Activo,amerise.diego@gmail.com,,+5493873594245,Moderado,True
372811,Tamara,253,Activo,tamaraarias.89@gmail.com,,+5491168853278,Moderado,True
505046,Paula,247,Activo,paula.chumbita@gmail.com,,+5491165148561,Moderado,True
904925,Maria,247,Activo,laubartoletti@hotmail.com,,+5493814096732,Moderado,True
1252295,Diego,246,Activo,diego@savioseguros.com.ar,,+5492914121968,Moderado,True
790875,Franco,243,Activo,francoaudoglio@hotmail.com.ar,,+5493464544911,,False
1452743,Nazarena,240,Activo,ionaforlano@gmail.com,,+5491154601028,Moderado,True
904325,Cristian,238,Activo,cristianmedici1970@gmail.com,,+5491150573897,Conservador,True
413159,Luis,235,Activo,lucho2452@gmail.com,,+5491159362273,,False
384450,Rolando,233,Activo,rnct14@gmail.com,,+5491130733465,Conservador,True
967039,Fabian,227,Activo,info@fnzarquitecto.com.ar,,+5491170122078,,False
917574,Maria,225,Activo,contable.online21@gmail.com,,+5493888560466,,False
790605,Ronald,220,Activo,ronaldceirano@gmail.com,,+5493576411080,Moderado,True
996162,Emiliano,219,Activo,emialessandroni@gmail.com,,+5492984227055,,False
507537,Tatiana,215,Activo,tatiananeyracordoba@gmail.com,,+5493517607458,Conservador,True
1428915,Giuliana,210,Activo,giuliana.riveira17@gmail.com,,+5491157449793,Moderado,True
950992,Tomas,209,Activo,tomasmoreirazapata18@gmail.com,,+5492664871353,Moderado,True
403428,Lucas,205,Activo,barneslucasariel@gmail.com,,+5491154036825,,False
819255,Jonathan,200,Activo,jonathangalbarini1@hotmail.com,,+5491165931660,Sin definir,True
1361007,Yenhy,195,Activo,yenhy.lee@gmail.com,,+5493516231481,Moderado,True
1228219,Gustavo,194,Activo,g_hospital@hotmail.com,,+5493516519930,,False
753882,Lucia,186,Activo,luciaalegre88@gmail.com,,+5491136758189,,False
532605,Antonio,183,Activo,antonioamoraless30@gmail.com,,+5493875835464,,False
1582483,Abril,182,Activo,abril.mirandaiturbe@ucalpvirtual.edu.ar,,+5492914703564,Moderado,True
509911,Julieta,172,Activo,petroni.jb2@gmail.com,,+5492216301389,Moderado,True
275825,Edgardo,171,Activo,edgardoughetti@hotmail.com,,+5492302301104,Sin definir,True
497265,Luciano,166,Activo,lucianoperezm7@gmail.com,,+5492396466679,Moderado,True
868002,Nelly,164,Activo,fabiolaricardoal@gmail.com,,+5491151648324,Moderado,True
947026,Micaela,161,Activo,micaela_ramello@hotmail.com,,+5492942636715,,False
1311542,Omar,160,Activo,omar957@gmail.com,,+5491168313251,,False
355152,Matías,158,Activo,mrobles4513@gmail.com,,+5491122992094,,False
431061,Jorge,157,Activo,jorgeeduardomorgan@gmail.com,,+5493704250325,Moderado Agresivo,True
392782,Leonardo,148,Activo,bravoemanuel705@gmail.com,,+5493426105024,Moderado Agresivo,True
956912,Florencia,145,Activo,florfernandez106@gmail.com,,+5492213170704,,False
494507,Martin,139,Activo,martin9gomez8@hotmail.com,,+5491138627516,Moderado Agresivo,True
769019,Ariel,139,Activo,delporve@hotmail.com,,+5491167058418,Moderado,True
787454,Matias,138,Activo,matias.gomezgp@gmail.com,,+5492974262665,Calificado,True
853624,Cecilia,137,Activo,perattac@gmail.com,,+5492474442324,Moderado,True
1618405,Gianluca,137,Activo,gianl.iacono@gmail.com,lic.deantoniabigail@gmail.com,+5492216269693,,False
455742,Antonella,131,Activo,antonambrogio@gmail.com,,+5492657313149,Moderado,True
1326192,Camila,131,Activo,camilitakim@gmail.com,,+5491158075629,Conservador,True
1432440,Maria,131,Activo,sofidealtube17@gmail.com,,+5493471510462,Moderado,True
271380,Jorge,125,Activo,cruzjorge@gmail.com,,+5493816350741,Moderado,True
444245,Maria,125,Activo,pia.oliveras@gmail.com,,+5491136469989,Moderado,True
1530467,Benjamín,125,Activo,benjamin5.moyano@gmail.com,federicoarielmoyano@gmail.com,+5491124067745,Intermedio,True
1008839,Vanesa,122,Activo,vanepikachu93@gmail.com,,+5493755492957,Moderado,True
349781,Florencia,121,Activo,fiturrez@gmail.com,,+5491159902471,Moderado,True
746129,Maria,114,Activo,agusaniel@gmail.com,,+5491164183735,,False
479571,Roxana,113,Activo,rschajnik@gmail.com,,+5491138596028,,False
561927,Alexander,113,Activo,alexander.zurita@outlook.com,,+5491168448663,Moderado Agresivo,True
720021,Mariana,112,Activo,marianaharnan@gmail.com,,+5491153390833,,False
708238,Ernesto,108,Activo,ebarbaresi@yahoo.com,,+5491135100775,,False
494503,Juan,107,Activo,santiagoquinterosdelcastillo@gmail.com,,+5493874409096,Moderado,True
609193,Ezequiel,107,Activo,ezequiel_e_suarez@hotmail.com,,+5492241580374,Moderado,True
1463913,Candela,106,Activo,candela.sirolesi@gmail.com,,+5493402445627,,False
1501405,Valeria,104,Activo,valedom66@gmail.com,,+5493794352309,Moderado,True
823171,Daniel,103,Activo,danieltala@gmail.com,,+5491138452591,Moderado,True
290270,Maria,101,Activo,mercedesterragno@gmail.com,,+5491136947168,,False
1362379,Gustavo,101,Activo,gustagallinger@gmail.com,,+5493454056746,Moderado,True
849732,Sofia,100,Activo,xsofiadominguez@gmail.com,jhdjulio@gmail.com;carolarjol@gmail.com,+5493764887261,Conservador,True
1350471,Eduardo,97,Inactivo,sabazotto@gmail.com,,+5491160060262,,False
1029621,Julian,94,Inactivo,julianign@outlook.com,,+5493525300610,Moderado Agresivo,True
1080778,Florencia,94,Inactivo,flor_annov@hotmail.com,,+5493513568539,Moderado,True
598286,Nadhia,92,Inactivo,nadhiaquiroga1989@gmail.com,,+5491150542248,,False
547221,Alejandro,90,Inactivo,aledbehrens@gmail.com,,+5491140440168,,False
452514,Federico,86,Inactivo,fede.kalinger27@gmail.com,,+5492923693240,Moderado,True
871647,Valeria,86,Inactivo,valeriburg@hotmail.com,,+5491158571286,,False
1237627,Martin,84,Inactivo,manque3@hotmail.com,,+5492267452693,,False
790598,Maximiliano,83,Inactivo,maxicarola@gmail.com,,+5491151762815,,False
463388,Jose,82,Inactivo,adelio_mella@outlook.com,,+5492974778434,Moderado Agresivo,True
539589,Lucila,82,Inactivo,luligrieco@gmail.com,,+5493489545714,Conservador,True
902785,Flavia,79,Inactivo,flaviagcoronel.tesina@gmail.com,,+5491154762926,,False
364948,Ariel,78,Inactivo,ariel-rucci@hotmail.com,,+5492804671719,Moderado Agresivo,True
1249649,Ana,78,Inactivo,anavreynolds@gmail.com,,+5491123477522,,False
1164388,Jorge,77,Inactivo,joriel72@hotmail.com,,+5492995295252,,False
508249,Facundo,76,Inactivo,cabralfaccundo@hotmail.com,,+5491125836489,,False
848757,Maria,76,Inactivo,virgynchaile82@gmail.com,,+5491149749300,Moderado,True
1162489,Carolina,76,Inactivo,carolinav.longo@hotmail.com,,+5491166793699,Moderado,True
770109,Paula,75,Inactivo,paulambertotti@yahoo.com.ar,,+5491168987778,Conservador,True
1148004,Nestor,75,Inactivo,ivannestor98@hotmail.com,,+5493425136064,,False
1447758,Rodrigo,75,Inactivo,rodrigodamianlopez@gmail.com,,+5493885073672,Moderado,True
902276,Agustin,73,Inactivo,agustinmayoral@gmail.com,,+5491134565027,Conservador,True
445695,Camila,70,Inactivo,ccamilacastillo29@gmail.com,,+5492644112381,,False
494515,Jorge,68,Inactivo,jorgeluis903@hotmail.com,,+5493885004224,Conservador,True
1660429,Carmen,66,Inactivo,zambrano.cv@gmail.com,,+5491127529122,,False
731982,Veronica,65,Inactivo,vevch2014@gmail.com,,+5492645419987,Conservador,True
558141,Marcelo,62,Inactivo,marceloesalvatto@gmail.com,,+5493472448038,,False
1298819,Julia,59,Inactivo,juliaderecho@outlook.com,,+5493400524056,Moderado,True
636049,Nadia,58,Inactivo,nadia.rroupe@gmail.com,,+5493518158762,Moderado,True
441195,Micaela,55,Inactivo,kyomihiga@gmail.com,,+5493513840873,Moderado,True
874840,Fernando,54,Inactivo,ferrisetti@gmail.com,,+5491131412559,Moderado,True
643847,Pablo,49,Inactivo,pablocucu3@gmail.com,,+5493794826667,Conservador,True
1473701,Diego,48,Inactivo,estudiobedini@gmail.com,,+5491135031402,,False
778686,Ezequiel,46,Inactivo,eze.tristan@hotmail.com,,+5491152629450,,False
272394,Julian,44,Inactivo,julianr2000@hotmail.com,,+5491136642693,,False
520303,Estela,43,Inactivo,liz.olivera@hotmail.com,,+5491159435465,Conservador,True
896767,Valentin,43,Inactivo,valenkebat@gmail.com,,+5492213573136,,False
942957,Mariela,42,Inactivo,marielaro1627@gmail.com,,+5492358422370,,False
996678,María,42,Inactivo,maryboer@gmail.com,,+5491166153241,,False
419361,David,40,Inactivo,davidhhenderson1977@gmail.com,,+5491167418777,,False
554459,Consuelo,40,Inactivo,circogs@gmail.com,,+5492284504906,,False
721444,Joaquin,39,Inactivo,joaquingonzalves@gmail.com,,+5492215480760,,False
1456315,Manuel,39,Inactivo,milikiasensio@gmail.com,,+5493874081775,,False
768680,Sebastian,37,Inactivo,seluiste@hotmail.com,,+5492215756645,,False
618462,Jonathan,36,Inactivo,jonem.rivero@gmail.com,,+5491131515107,,False
273854,Hernan,35,Inactivo,dasti_sistem@hotmail.com.ar,,+5491136205216,,False
500009,Fabricio,35,Inactivo,fabrizio0101@hotmail.com.ar,,+5493329540590,,False
606874,Hernan,33,Inactivo,hertecn@gmail.com,,+5491162346142,,False
620388,Cristian,33,Inactivo,cristiansandoval.programador@gmail.com,,+5491122559536,Moderado,True
848411,Miguel,32,Inactivo,nomenfictus@live.com.ar,,+5491154174669,,False
654047,Nicolas,31,Inactivo,nicolas190194@gmail.com,,+5491157387997,,False
507760,Agustin,30,Inactivo,aguscerone@gmail.com,,+5491151597986,,False
783297,Sonia,29,Inactivo,sol.pagola.90@gmail.com,,+5493816370573,,False
628961,Marcos,28,Inactivo,marcos_kaseb@hotmail.com,,+5491168635066,Moderado,True
732281,Nadia,25,Inactivo,nady_dg_94@hotmail.com,,+5491122999767,Moderado,True
1099053,Javier,25,Inactivo,javier.capelli85@gmail.com,,+5492364563093,,False
346048,Gaston,22,Inactivo,galegre10@yahoo.com.ar,,+5491136510573,,False
688455,Pablo,22,Inactivo,canchu06@hotmail.com,,+5493854075231,,False
893616,Karen,20,Inactivo,karen.escudero@outlook.com,,+5493584183060,Moderado,True
495282,Rocio,19,Inactivo,ro.komukai@gmail.com,,+5491132072531,,False
404332,Maria,18,Inactivo,silvanahanuch@gmail.com,j_mceballos@hotmail.com,+5491168070508,,False
463829,Francisco,18,Inactivo,bernardez.f@gmail.com,,+5491162059373,,False
509370,Facundo,18,Inactivo,facundolauardusso@gmail.com,,+5491150077149,,False
345211,Jorge,17,Inactivo,jemiguez@gmail.com,,+5492615962912,,False
385914,Rodrigo,17,Inactivo,rodrigovillarino@hotmail.com,,+5491140347676,,False
447649,Andrea,17,Inactivo,annlopezrivero27@gmail.com,,+5493794110104,,False
863820,Marcos,17,Inactivo,marcosdelvalle07@gmail.com,,+5493464546376,,False
463167,Tito,16,Inactivo,tr23182@gmail.com,,+5493884718376,,False
499207,Irene,15,Inactivo,irenecrognale@yahoo.com.ar,,+5491151423509,,False
1140880,Mayln,15,Inactivo,maymosaina@gmail.com,,+5493582440412,,False
1678818,Marielys,15,Inactivo,marieguzman.mora@gmail.com,,+5491121924450,,False
792057,David,14,Inactivo,mopudey@hotmail.com,,+5491166169271,,False
280321,Martín,13,Inactivo,martinf.0301@gmail.com,,+5491130400777,,False
430092,Florencia,13,Inactivo,florenciabosco00@gmail.com,,+5491168527964,,False
559794,Isaias,12,Inactivo,isaias_martinez94@hotmail.com,,+5492477226890,,False
374618,Marianella,11,Inactivo,marianellapaternolli@gmail.com,,+5492914711880,,False
553006,Santiago,11,Inactivo,santiagocarranza559@gmail.com,,+5493547446212,Moderado,True
672501,Noelia,11,Inactivo,noeliapalagano@outlook.com,,+5491154548140,,False
385790,Hugo,10,Inactivo,gaguito51@hotmail.com,,+5492342460310,,False
564287,Miguel,10,Inactivo,saguilera@derecho.uba.ar,,+5491168022977,,False
729051,Silvia,10,Inactivo,danielfernan@hotmail.com,audiosil@hotmail.com,+5492214208651,,False
770184,Melisa,10,Inactivo,melisamkaplan@gmail.com,,+5493413058588,,False
491856,Esteban,9,Inactivo,mkalcorta@yahoo.com,,+5491159273419,Moderado,True
663645,Roberto,9,Inactivo,lopezrg2020@gmail.com,,+5492914382038,Conservador,True
711769,Lorena,9,Inactivo,loliduprez@gmail.com,,+5491126587491,,False
726900,Julián,9,Inactivo,jfmaida@hotmail.com,,+5492215644141,,False
809672,Noelia,9,Inactivo,drakucichescot@gmail.com,,+5492920697243,,False
897908,Gabriel,9,Inactivo,gabrielrequena10@gmail.com,,+5492284531424,,False
1397735,Martin,9,Inactivo,martinpereyra4293@gmail.com,,+5491138418116,,False
473170,Andrea,8,Inactivo,andregonzamor@hotmail.com,,+5493549534374,,False
490343,Jazmin,8,Inactivo,jahzab@hotmail.com,,+5491123153909,,False
665136,Nicolás,8,Inactivo,sala.nicolas@gmail.com,,+5491151657990,,False
778687,Yamila,8,Inactivo,yaeli1602@hotmail.com,,+5493782414274,,False
785558,Nerea,8,Inactivo,n.fruinque.99@gmail.com,,+5491140423325,,False
909963,Gisella,8,Inactivo,gisegg22@gmail.com,,+5492364557418,,False
495484,Fernando,7,Inactivo,fernandolaplata@hotmail.com,,+5492615524533,,False
580789,Ramon,7,Inactivo,osmarromero1983@gmail.com,,+5493794281211,Moderado Agresivo,True
933526,Denis,7,Inactivo,denisroldansl@gmail.com,,+5492804352879,,False
1017985,Ana,7,Inactivo,aniguben@gmail.com,,+5492615397524,,False
1468247,Karina,7,Inactivo,copponikarina@gmail.com,,+5492804651306,,False
558120,Laura,6,Inactivo,estefypaz15@gmail.com,,+5492246485923,,False
982458,Lucas,6,Inactivo,lucaschavez.j1@gmail.com,,+5492494028044,Sin definir,True
1226858,Maika,6,Inactivo,contactomaikaesteves@gmail.com,,+5491125653355,,False
1314042,Claudio,6,Inactivo,andrea_b_suarez@hotmail.com,clbaldi@gmail.com,+5493875229644,,False
378453,Sofia,5,Inactivo,sofia.r27@hotmail.com,,+5492234499575,,False
617940,Omar,5,Inactivo,ale.bessopianeto@hotmail.com,,+5491122641930,,False
844214,Maria,5,Inactivo,leleojeda512@gmail.com,,+5493513102555,Moderado,True
857261,Gustavo,5,Inactivo,gustavof77@live.com.ar,,+5491144347983,,False
467532,Indira,4,Inactivo,indialvarenga38@gmail.com,,+5492901631745,,False
679543,Andres,4,Inactivo,katogime@gmail.com,,+5491123168929,,False
686401,Eliana,4,Inactivo,eliana.sh.23@gmail.com,,+5491168054162,,False
771566,Katherina,4,Inactivo,kathe7437@gmail.com,,+5493630783562,,False
928676,Debora,4,Inactivo,moreyradebora26@gmail.com,,+5491557557022,,False
1110904,Maria,4,Inactivo,antubaigorria@gmail.com,,+5492267529778,,False
275496,Sergio,3,Inactivo,sperani@hotmail.com,,+5491150640377,,False
357803,Antonio,3,Inactivo,antonio.collazo@yahoo.com.ar,,+5491168540926,,False
404596,Mario,3,Inactivo,maringo@gmail.com,,+5491130846576,,False
549102,William,3,Inactivo,wefookes@gmail.com,,+5491160394328,,False
838871,Gianmarco,3,Inactivo,gianmarcocarcus@gmail.com,,+5492920698108,,False
1243343,David,3,Inactivo,alejandromatto162@gmail.com,,+5492214370939,,False
275079,Maria,2,Inactivo,crismackowiak@gmail.com,,+5493413700063,,False
275712,Aldo,2,Inactivo,agerman.lezcano@gmail.com,,+5491158146393,,False
342246,Santiago,2,Inactivo,santiago@ludamany.com.ar,,+5491162467518,,False
384457,Norma,2,Inactivo,norma.neco@hotmail.com,,+5492262489669,,False
529626,Rocio,2,Inactivo,rochii_b@icloud.com,,+5491121593423,,False
551023,Marcelo,2,Inactivo,chelofran77@hotmail.com,,+5491159302070,,False
650629,Valentin,2,Inactivo,delforgevalentin008@gmail.com,,+5493446661800,,False
659493,Micaela,2,Inactivo,micaelaalvarezayala@gmail.com,,+5492494658585,,False
706066,Maria,2,Inactivo,mariarococo2017@gmail.com,,+5491168188357,,False
784792,Gonzalo,2,Inactivo,gonzalodowen@gmail.com,,+5491156478285,,False
792049,Juliana,2,Inactivo,julianafrias46@gmail.com,,+5491125025751,,False
1552239,Luis,2,Inactivo,luisjosenesak@gmail.com,,+5493764371714,,False
271840,Alan,1,Inactivo,alanrozental1@gmail.com,,+5491159371100,,False
272887,Gabriel,1,Inactivo,sarkyloto@gmail.com,,+5493794245937,,False
274400,Francisco,1,Inactivo,fran-duhalde@live.com,,+5492915320863,,False
281878,German,1,Inactivo,gergarg@hotmail.com,,+5492974009176,,False
310575,Angélica,1,Inactivo,eigna_angie@hotmail.com,,+5492804641664,,False
371190,Juan,1,Inactivo,jmsanchez@estvidela.com.ar,,+5491130858783,,False
389061,Jose,1,Inactivo,olguin.j.vito@gmail.com,,+5491144954395,,False
418392,Matias,1,Inactivo,ejromeromatias@gmail.com,,+5491140310406,,False
430477,Pamela,1,Inactivo,pamuu_@hotmail.com,,+5491168455407,,False
432701,Dario,1,Inactivo,dariomecozzi@gmail.com,,+5492364205943,,False
439033,Flavio,1,Inactivo,kokakola22@gmail.com,,+5493751615822,,False
478612,Josue,1,Inactivo,josuesolarte92@gmail.com,,+5491162239136,,False
486677,Camila,1,Inactivo,cami_contre@live.com,,+5491124590306,,False
496420,Luis,1,Inactivo,luiszaffaroni@gmail.com,,+5491156432039,,False
513812,Sofia,1,Inactivo,sofiamurno@gmail.com,,+5491149499159,,False
552332,Juan,1,Inactivo,juanpteran@gmail.com,,+5493813181245,,False
761473,Fausto,1,Inactivo,jofrefausto08@gmail.com,,+5492613624266,,False
792050,Facundo,1,Inactivo,lusardofacundo@gmail.com,,+5492215085698,,False
798368,Cesar,1,Inactivo,cesartorres94t@gmail.com,,+5491138051215,,False
799100,Victor,1,Inactivo,amartinasso@gmail.com,,+5492613356023,,False
838748,Diego,1,Inactivo,dieguitochiconi@hotmail.com,,+5491131074341,,False
906813,Miguel,1,Inactivo,michellinlaud@gmail.com,,+5493364408222,,False
934924,Rodrigo,1,Inactivo,rlendoiro@yahoo.com.ar,,+5491161357991,,False
937175,Jonathan,1,Inactivo,jonathanyair@gmail.com,,+5491140793736,,False
1022363,Marisa,1,Inactivo,marisafama@yahoo.com.ar,,+5492364660367,,False
1044379,Matias,1,Inactivo,matidittler09@gmail.com,,+5493435444166,,False
1066291,Cindy,1,Inactivo,cindygnesutta633@gmail.com,,+5493584174397,,False
1327507,Chiara,1,Inactivo,kiadomanico@gmail.com,,+5491163217206,,False
1443115,Javier,1,Inactivo,jgomezlp@gmail.com,,+5492302607915,,False
1488229,Sofia,1,Inactivo,sofiaherlan@icloud.com,,+5493854022662,,False
1494835,Maria,1,Inactivo,urrutiampaz@gmail.com,,+5494914606113,,False
70277,Pablo,0,Inactivo,pablo.parissenti@gmail.com,,4381-3417,,False
275626,Jorge,0,Inactivo,jorge.la.nahum@gmail.com,,+5493834706887,,False
297303,Damian,0,Inactivo,damian_va@hotmail.com,,+5492916441842,,False
299006,Luis,0,Inactivo,fededusso@icloud.com,,+5493329536443,,False
348892,Nicolas,0,Inactivo,njc_02@hotmail.com,,+5491140889317,,False
353187,Iván,0,Inactivo,rondomanskasivan@hotmail.com,,+5491161267313,,False
355025,Sofia,0,Inactivo,sspadarinocetti@gmail.com,,+5491153083657,,False
366722,Nicole,0,Inactivo,nfavilla@grupoadrianmercado.com,,+5491138973387,,False
371896,Gladys,0,Inactivo,gladys_b.94@hotmail.com,,+5492254589386,,False
371900,Yamili,0,Inactivo,yamiliyarbouh@gmail.com,,+5493837692840,,False
414209,Bruno,0,Inactivo,guerini245@gmail.com,,+5493416557599,,False
429868,Rosalinda,0,Inactivo,antoniaespejo22@gmail.com,,+5492994736863,,False
465583,Ezequiel,0,Inactivo,ebordone@hotmail.com,,+5491158512613,,False
486850,Julieta,0,Inactivo,julieta.medicina09@gmail.com,,+5491162248104,,False
494194,Fermin,0,Inactivo,picazzofermin22@gmail.com,,+5493541527314,,False
509786,Daniela,0,Inactivo,danielaperalta90@gmail.com,,+5491167951044,,False
511359,Joaquin,0,Inactivo,j95blanc@gmail.com,,+5492954854080,,False
514191,Franco,0,Inactivo,francolandini@gmail.com,,+5491139238169,,False
518555,Mariano,0,Inactivo,marianoparmeggiani0@gmail.com,,+5493534815149,,False
550779,Luciano,0,Inactivo,lucianoghigliaok@gmail.com,,+5491161953005,,False
561127,Sasha,0,Inactivo,sashaaguilera27@gmail.com,,+5491123864885,,False
563376,Vanesa,0,Inactivo,vanesalhar@hotmail.com,,+5491151617103,,False
564998,Sofia,0,Inactivo,sofisandor@gmail.com,,+5492944629964,,False
568114,Agustin,0,Inactivo,agustinblotta99@gmail.com,,+5491138672020,,False
583012,Emiliano,0,Inactivo,emilianoferrer@live.com.ar,,+5493426155079,,False
591536,Walter,0,Inactivo,nicoaleman2409@gmail.com,,+5493875400333,,False
605861,Maximiliano,0,Inactivo,machu_096@live.com.ar,,+5491121681501,,False
618650,Alexis,0,Inactivo,alexis.isasa@gmail.com,,+5491161691008,,False
661168,Celia,0,Inactivo,licnavarrete.celiaa@gmail.com,,+5492914616611,,False
683431,Juan,0,Inactivo,juanmarcosabaurrea@gmail.com,,+5492477314917,,False
694583,Javier,0,Inactivo,jass80@hotmail.com,,+5493513464143,,False
696613,Lucas,0,Inactivo,lucas.vasini@hotmail.com,,+5493515306773,,False
733665,Maria,0,Inactivo,pazcaburemilce@gmail.com,,+5493834586730,,False
769058,Enzo,0,Inactivo,enzoagustin1502@gmail.com,,+5492994715036,,False
772086,Gisel,0,Inactivo,olachogisel93@gmail.com,,+5492996277939,,False
780491,Marcelo,0,Inactivo,marcelomartinez.lr@gmail.com,,+5493804549875,,False
792858,Carlos,0,Inactivo,damian12918@gmail.com,,+5493816492492,,False
805192,Lautaro,0,Inactivo,lautarodanielchamorro@gmail.com,,+5493454964440,,False
805699,María,0,Inactivo,msoldr84@gmail.com,,+5491156040980,,False
807404,Aldana,0,Inactivo,aldanam.velazquez@hotmail.com,,+5493438409483,,False
818198,Hernan,0,Inactivo,hernanlaporte@gmail.com,,+5493774493175,,False
823073,Nerina,0,Inactivo,neryzelada26@gmail.com,,+5493415700510,,False
825562,Mariela,0,Inactivo,romina_miccige@hotmail.com,,+5491156984467,,False
829662,Rodrigo,0,Inactivo,rodgonzalez.rgh@gmail.com,,+5491151431479,,False
829698,Valeria,0,Inactivo,valheras9@gmail.com,,+5492644108240,,False
829742,Fabiola,0,Inactivo,lorna-_-2009@hotmail.com,,+5491164991017,,False
840954,Nicolas,0,Inactivo,flor_1502@hotmail.com.ar,nicolasalejandro96@hotmail.com,+5491153429519,,False
849641,Rodrigo,0,Inactivo,rodrigocordi45@gmail.com,,+5491136266196,,False
872966,Federico,0,Inactivo,fedebon1@hotmail.com,,+5493415860983,,False
876051,Adriana,0,Inactivo,belen.fdz001@gmail.com,,+5491158985328,,False
876074,Matias,0,Inactivo,matiasbellino01@hotmail.com,,+5491131976857,,False
911857,Manuela,0,Inactivo,mpinovillar@gmail.com,,+5492657587400,,False
912126,Natalia,0,Inactivo,natubenitez027@gmail.com,,+5491165915138,,False
923691,Raul,0,Inactivo,raulpacheco.vkg@gmail.com,,+5493856482000,,False
957550,Camila,0,Inactivo,camila.atela@gmail.com,,+5491163738264,,False
981743,Matias,0,Inactivo,mati90_acade@hotmail.com,,+5491153747714,,False
1072491,Daniel,0,Inactivo,gruposeguros1@gmail.com,,+5491136901107,,False
1099557,Nadia,0,Inactivo,nsanjuan@lasegunda.com.ar,,+5492645757836,,False
1132828,Nabila,0,Inactivo,nabilapiperino@gmail.com,,+5492215038007,,False
1155656,Enrique,0,Inactivo,eavaccarezza@gmail.com,,+5493777633555,,False
1197307,Nicolas,0,Inactivo,nicolasmarsonet25@gmail.com,,+5492612555264,,False
1407751,Mariana,0,Inactivo,marianalaurasemeria@gmail.com,,+5491166130083,,False
1446946,Nelida,0,Inactivo,claudiavitanzi@gmail.com,,+5491151317969,,False
1478893,Paola,0,Inactivo,paos.poblete@gmail.com,,+5492616653289,,False
1525231,Azul,0,Inactivo,acostaazul201@gmail.com,,+5492975284164,,False
1551752,Maria,0,Inactivo,florrcingolani@gmail.com,,+5491166699701,,False
591546,Enzo,-1,Inactivo,enzopalacios15@gmail.com,,+5492215748431,,False
389156,SIN DATOS (no está en hoja 1),,Sin datos,,,,Moderado,True
467971,SIN DATOS (no está en hoja 1),,Sin datos,,,,Moderado,True
482618,SIN DATOS (no está en hoja 1),,Sin datos,,,,Conservador,True
515853,SIN DATOS (no está en hoja 1),,Sin datos,,,,Moderado,True
539600,SIN DATOS (no está en hoja 1),,Sin datos,,,,Moderado,True
589301,SIN DATOS (no está en hoja 1),,Sin datos,,,,Conservador,True
733526,SIN DATOS (no está en hoja 1),,Sin datos,,,,Moderado,True
754241,SIN DATOS (no está en hoja 1),,Sin datos,,,,Moderado Agresivo,True
842297,SIN DATOS (no está en hoja 1),,Sin datos,,,,Moderado,True
912819,SIN DATOS (no está en hoja 1),,Sin datos,,,,Sin definir,True
918043,SIN DATOS (no está en hoja 1),,Sin datos,,,,Moderado,True
919762,SIN DATOS (no está en hoja 1),,Sin datos,,,,Sin definir,True
967552,SIN DATOS (no está en hoja 1),,Sin datos,,,,Moderado,True
1091907,SIN DATOS (no está en hoja 1),,Sin datos,,,,Sin definir,True
1111775,SIN DATOS (no está en hoja 1),,Sin datos,,,,Moderado,True
1282821,SIN DATOS (no está en hoja 1),,Sin datos,,,,Moderado,True
1284285,SIN DATOS (no está en hoja 1),,Sin datos,,,,Moderado,True
1332545,SIN DATOS (no está en hoja 1),,Sin datos,,,,Conservador,True
1603816,SIN DATOS (no está en hoja 1),,Sin datos,,,,Principiante,True
