ticker,ticker_origen,denominacion,emisor,ratio_cedear,cedears,acciones_subyacentes,cedears_por_accion
AABA,AABA,ALTABA INC***,Comafi,3:1,3,1,3.0
AAL,AAL,AMERICAN AIRLINES GROUP INC,Comafi,2:1,2,1,2.0
AAP,AAP,ADVANCE AUTO PARTS INC,Comafi,14:1,14,1,14.0
AAPL,AAPL,APPLE INC.,Comafi,20:1,20,1,20.0
ABBV,ABBV,ABBVIE INC,Comafi,10:1,10,1,10.0
ABEV,ABEV,AMBEV S.A.,Comafi,1:3,1,3,0.3333333333333333
ABEV3,ABEV3,AMBEV S.A.,Caja de Valores,1:1,1,1,1.0
ABNB,ABNB,AIRBNB INC,Caja de Valores,15:1,15,1,15.0
ABT,ABT,ABBOTT LABORATORIES,Comafi,4:1,4,1,4.0
ACN,ACN,ACCENTURE PLC,Comafi,75:1,75,1,75.0
ACWI,ACWI,iShares MSCI ACWI ETF,Comafi,26:1,26,1,26.0
ADBE,ADBE,ADOBE SYSTEMS INCORPORATED,Comafi,44:1,44,1,44.0
ADGO,AGRO,ADECOAGRO S.A.,Comafi,1:1,1,1,1.0
ADI,ADI,ANALOG DEVICES INC.,Comafi,15:1,15,1,15.0
ADP,ADP,AUTOMATIC DATA PROCESSING INC,Comafi,6:1,6,1,6.0
ADS,ADS,ADIDAS AG,Comafi,22:1,22,1,22.0
AEG,AEG,AEGON LTD NPV,Comafi,1:1,1,1,1.0
AEM,AEM,AGNICO EAGLE MINES LIMITED,Comafi,6:1,6,1,6.0
AI,AI,C3.AI INC,Comafi,5:1,5,1,5.0
AIG,AIG,AMERICAN INTERNATIONAL GROUP INC (AIG),Comafi,5:1,5,1,5.0
AKO.B,AKO.B,EMBOTELLADORA ANDINA S.A.,Comafi,1:1,1,1,1.0
ALAB,ALAB,ASTERA LABS INC,Comafi,44:1,44,1,44.0
AMAT,AMAT,APPLIED MATERIALS INC.,Comafi,5:1,5,1,5.0
AMD,AMD,"ADVANCED MICRO DEVICES, INC.",Comafi,10:1,10,1,10.0
AMGN,AMGN,AMGEN INC.,Comafi,30:1,30,1,30.0
AMX,AMX,AMERICA MOVIL-SPN ADR,Comafi,1:1,1,1,1.0
AMZN,AMZN,"AMAZON.COM, INC.",Comafi,144:1,144,1,144.0
ANET,ANET,ARISTA NETWORKS INC.,Comafi,29:1,29,1,29.0
ANF,ANF,ABERCROMBIE & FITCH CO.,Comafi,1:1,1,1,1.0
ARCO,ARCO,ARCOS DORADOS HOLDINGS INC.,Comafi,1:2,1,2,0.5
ARKK,ARKK,ARK INNOVATION,Caja de Valores,10:1,10,1,10.0
ARM,ARM,ARM HOLDINGS PLC,Comafi,27:1,27,1,27.0
ASML,ASML,ASML HOLDING NV,Comafi,146:1,146,1,146.0
ASR,ASR,"GRUPO AEROPORTUARIO DEL SURESTE , S.A.B. de C",Comafi,20:1,20,1,20.0
ASTS,ASTS,AST SPACEMOBILE INC,Comafi,15:1,15,1,15.0
AVGO,AVGO,BROADCOM INC,Comafi,39:1,39,1,39.0
AVY,AVY,AVERY DENNISON CORPORATION,Comafi,18:1,18,1,18.0
AXIAY,AXIAY,AXIA ENERGIA **,Comafi,1:4,1,4,0.25
AXP,AXP,AMERICAN EXPRESS Co.,Comafi,15:1,15,1,15.0
AZN,AZN,ASTRAZENECA PLC,Comafi,2:1,2,1,2.0
B,B,BARRICK GOLD CORP.,Comafi,2:1,2,1,2.0
BA,BA,BOEING Co.,Comafi,24:1,24,1,24.0
BA.C,BAC,BANK OF AMERICA CORPORATION,Comafi,4:1,4,1,4.0
BABA,BABA,ALIBABA GROUP HOLDING LIMITED*,Comafi,9:1,9,1,9.0
BAK,BAK,BRASKEM SA,Comafi,2:1,2,1,2.0
BAYN,BAYN GR,BAYER AG,Comafi,3:1,3,1,3.0
BB,BB,BLACKBERRY LIMITED,Comafi,3:1,3,1,3.0
BBAS3,BBAS3,BANCO DO BRASIL S.A.,Caja de Valores,2:1,2,1,2.0
BBAX,BBAX,JPMORGAN BETABUILDERS DEVELOPED ASIA PACIFIC-,Comafi,13:1,13,1,13.0
BBCA,BBCA,JPMORGAN BETABUILDERS CANADA ETF,Comafi,20:1,20,1,20.0
BBD,BBD,"BANCO BRADESCO, S.A.",Comafi,1:1,1,1,1.0
BBDC3,BBDC3,BANCO BRADESCO S.A.,Caja de Valores,1:1,1,1,1.0
BBV,BBVA,BANCO BILBAO VIZCAYA-SP ADR,Comafi,1:1,1,1,1.0
BCS,BCS,BARCLAYS BANK plc ADR,Comafi,1:1,1,1,1.0
BHP,BHP,BHP GROUP LTD,Comafi,2:1,2,1,2.0
BIDU,BIDU,"BAIDU, INC.",Comafi,11:1,11,1,11.0
BIIB,BIIB,BIOGEN INC.,Comafi,13:1,13,1,13.0
BIOX,BIOX,BIOCERES CROP SOLUTIONS CORP,Comafi,1:1,1,1,1.0
BKNG,BKNG,BOOKING HOLDINGS INC.,Comafi,700:1,700,1,700.0
BKR,BKR,BAKER HUGHES CO.,Comafi,7:1,7,1,7.0
BMNR,BMNR,"BITMINE INMERSION TECHNOLOGIES, INC.",Comafi,8:1,8,1,8.0
BMY,BMY,BRISTOL MYERS SQUIBB COMPANY,Comafi,3:1,3,1,3.0
BNG,BG,BUNGE GLOBAL SA NPV,Comafi,5:1,5,1,5.0
BNY,BNY,BANK OF NEW YORK MELLON CORP,Comafi,2:1,2,1,2.0
BP,BP,BP  plc. ADR,Comafi,5:1,5,1,5.0
BPA11,BPA11,BANCO BTG PACTUAL S.A. UNIT,Caja de Valores,1:1,1,1,1.0
BRKB,BRK/B,BERKSHIRE HATHAWAY INC,Comafi,22:1,22,1,22.0
BSBR,BSBR,BANCO SANTANDER (BRASIL) S.A.,Comafi,1:1,1,1,1.0
BSN,BSN GR,DANONE,Comafi,20:1,20,1,20.0
BX,BX,BLACKSTONE INC.,Comafi,30:1,30,1,30.0
C,C,CITIGROUP INCORPORATED,Comafi,3:1,3,1,3.0
CAAP,CAAP,CORP AMERICA AIRPORTS SA,Comafi,1:4,1,4,0.25
CAH,CAH,CARDINAL HEALTH INC,Comafi,3:1,3,1,3.0
CAR,CAR,AVIS BUDGET GROUP INC.,Comafi,26:1,26,1,26.0
CAT,CAT,CATERPILLAR Inc.,Comafi,20:1,20,1,20.0
CCJ,CCJ,CAMECO CORPORATION,Comafi,23:1,23,1,23.0
CCL,CCL,CARNIVAL CORP. LTD,Comafi,3:1,3,1,3.0
CDE,CDE,COEUR MINING INC,Comafi,1:1,1,1,1.0
CEG,CEG,CONSTELLATION ENERGY CORPORATION,Comafi,45:1,45,1,45.0
CIBR,CIBR,FIRST TRUST NASDAQ CYBERSECURITY,Caja de Valores,10:1,10,1,10.0
CL,CL,COLGATE PALMOLIVE COMPANY,Comafi,3:1,3,1,3.0
CLS,CLS,CELESTICA INC,Comafi,20:1,20,1,20.0
COIN,COIN,COINBASE GLOBAL INC,Comafi,27:1,27,1,27.0
COP,COP,CONOCOPHILLIPS,Comafi,25:1,25,1,25.0
COPX,COPX,GLOBAL X COPPER MINERS ETF,Comafi,14:1,14,1,14.0
CORN,CORN,TEUCRIUM CORN FUND,Comafi,4:1,4,1,4.0
COST,COST,COSTCO WHOLSALE CORP,Comafi,48:1,48,1,48.0
CRM,CRM,SALESFORCE INC.,Comafi,18:1,18,1,18.0
CRWD,CRWD,"CROWDSTRIKE HOLDINGS, INC.",Comafi,79:1,79,1,79.0
CRWV,CRWV,COREWEAVE INC,Comafi,27:1,27,1,27.0
CSCO,CSCO,CISCO SYSTEMS  Inc.,Comafi,5:1,5,1,5.0
CSNA3,CSNA3,COMPANHIA SIDERÚRGICA NACIONAL S.A.,Caja de Valores,1:1,1,1,1.0
CVS,CVS,CVS HEALTH CORP.,Comafi,15:1,15,1,15.0
CVX,CVX,CHEVRON CORP,Comafi,16:1,16,1,16.0
CX,CX,CEMEX S.A.B. de C.V. ADR,Comafi,1:1,1,1,1.0
DAL,DAL,DELTA AIR LINES INC.,Comafi,8:1,8,1,8.0
DD,DD,DUPONT DE NOMOURS INC,Comafi,5:1,5,1,5.0
DE,DE,DEERE & COMPANY,Comafi,40:1,40,1,40.0
DECK,DECK,DECKERS OUTDOOR CORPORATION,Comafi,25:1,25,1,25.0
DELL,DELL,DELL TECHNOLOGIES INC,Comafi,74:1,74,1,74.0
DEO,DEO,DIAGEO PLC ADR,Comafi,6:1,6,1,6.0
DHR,DHR,DANAHER CORP.,Comafi,54:1,54,1,54.0
DIA,DIA,SPDR DOW JONES INDUSTRIAL,Caja de Valores,20:1,20,1,20.0
DISN,DIS,DISNEY COMMON STOCK,Comafi,12:1,12,1,12.0
DOCU,DOCU,DOCUSIGN INC,Comafi,22:1,22,1,22.0
DOW,DOW,DOW INC,Comafi,6:1,6,1,6.0
E,E,ENI SPA - ADR,Comafi,4:1,4,1,4.0
EBAY,EBAY,EBAY INC.,Comafi,2:1,2,1,2.0
ECL,ECL,ECOLAB INC,Comafi,56:1,56,1,56.0
EEM,EEM,ISHARES MSCI EMERGING MARKET,Caja de Valores,5:1,5,1,5.0
EFA,EFA,iShares MSCI EAFE ETF,Comafi,18:1,18,1,18.0
EFX,EFX,EQUIFAX INC,Comafi,16:1,16,1,16.0
ELPC,ELPC,COMPANHIA PARANAENSE DE ENERGIA-COPEL - PREF,Comafi,1:3,1,3,0.3333333333333333
EMBJ,EMBJ,EMBRAER-EMPRESA BRASILEIRA DE AERONÁUTICA S.A,Comafi,1:1,1,1,1.0
EQNR,EQNR,EQUINOR ASA,Comafi,6:1,6,1,6.0
ERIC,ERIC,LM ERICSSON TELEPHONE Co. ADR,Comafi,2:1,2,1,2.0
ESGU,ESGU,ISHARES ESG AWARE MSCI USA ETF,Comafi,30:1,30,1,30.0
ETHA,ETHA,ISHARES ETHEREUM TR ETF,Caja de Valores,5:1,5,1,5.0
ETSY,ETSY,ETSY INC,Comafi,16:1,16,1,16.0
EWJ,EWJ,iShares MSCI JAPAN ETF,Comafi,14:1,14,1,14.0
EWY,EWY,ISHARES MSCI SOUTH KOREA ETF,Caja de Valores,50:1,50,1,50.0
EWZ,EWZ,ISHARES MSCI BRAZIL CAP,Caja de Valores,2:1,2,1,2.0
F,F,FORD MOTOR COMPANY,Caja de Valores,1:1,1,1,1.0
FCX,FCX,FREEPORT MCMORAN INC.,Comafi,3:1,3,1,3.0
FDX,FDX,FEDEX CORP,Comafi,10:1,10,1,10.0
FISV,FISV,"FISERV, INC.",Comafi,11:1,11,1,11.0
FMCC,FMCC,FREDDIE MAC (FEDERAL HOME LOAN MORTGAGE CORP.,Comafi,1:1,1,1,1.0
FMX,FMX,FOMENTO ECONOMICO MEXICANO - FEMSA ADR,Comafi,6:1,6,1,6.0
FNMA,FNMA,"FED. NATL, MORT - FANNIE MAE",Comafi,1:1,1,1,1.0
FSLR,FSLR,FIRST SOLAR INC.,Comafi,18:1,18,1,18.0
FXI,FXI,ISHARES CHINA LARGE-CAP ETF,Comafi,5:1,5,1,5.0
GDX,GDX,Van Eck Gold Miners ETF/USA,Comafi,10:1,10,1,10.0
GE,GE,GE AEROSPACE.,Comafi,8:1,8,1,8.0
GEV,GEV,GE VERNOVA INC,Comafi,180:1,180,1,180.0
GFI,GFI,GOLD FIELDS LTD.,Comafi,1:1,1,1,1.0
GGB,GGB,GERDAU S.A.,Comafi,1:4,1,4,0.25
GILD,GILD,"GILEAD SCIENCES, INC.",Comafi,4:1,4,1,4.0
GLD,GLD,ETF SPDR GOLD TRUST,Caja de Valores,50:1,50,1,50.0
GLNG,GLNG,GOLAR LNG LTD.,Comafi,10:1,10,1,10.0
GLOB,GLOB,GLOBANT S.A.,Comafi,18:1,18,1,18.0
GLW,GLW,CORNING INCORPORATED,Comafi,4:1,4,1,4.0
GM,GM,GENERAL MOTORS CO,Comafi,6:1,6,1,6.0
GOOGL,GOOGL,"Alphabet Inc. CL ""A""",Comafi,58:1,58,1,58.0
GPRK,GPRK,GEOPARK LTD,Comafi,1:1,1,1,1.0
GRMN,GRMN,GARMIN LTD.,Comafi,3:1,3,1,3.0
GS,GS,"THE GOLDMAN SACHS GROUP, INC",Comafi,13:1,13,1,13.0
GSG,GSG,ISHARES S&P GSCI COMMODITY-INDEXED TRUST,Comafi,6:1,6,1,6.0
GSK,GSK,GSK plc,Comafi,4:1,4,1,4.0
GT,GT,GOODYEAR TIRE & RUBBER CO./THE,Comafi,2:1,2,1,2.0
HAL,HAL,HALLIBURTON CO,Comafi,2:1,2,1,2.0
HAPV3,HAPV3,HAPVIDA PARTICIPACOESE INVESTIMENTOS S.A.,Caja de Valores,1:1,1,1,1.0
HD,HD,HOME DEPOT INC.,Comafi,32:1,32,1,32.0
HDB,HDB,HDFC BANK LIMITED,Comafi,2:1,2,1,2.0
HIMS,HIMS,"HIMS & HERS HEALTH, INC.",Comafi,4:1,4,1,4.0
HL,HL,HECLA MINING CO,Comafi,1:1,1,1,1.0
HMC,HMC,HONDA MOTOR  CO. LTD,Comafi,1:1,1,1,1.0
HMY,HMY,HARMONY GOLD MINING COMPANY LTD.,Comafi,1:1,1,1,1.0
HOG,HOG,HARLEY DAVIDSON INC.,Comafi,3:1,3,1,3.0
HON,HON,HONEYWELL INTERNATIONAL INC. (ex Allied S.),Comafi,8:1,8,1,8.0
HOOD,HOOD,ROBINHOOD MARKETS INC,Comafi,29:1,29,1,29.0
HPQ,HPQ,HP Inc,Comafi,1:1,1,1,1.0
HSBC,HSBC,HSBC HOLDINGS plc ADR,Comafi,2:1,2,1,2.0
HSY,HSY,THE HERSHEY COMPANY,Comafi,21:1,21,1,21.0
HUT,HUT,HUT 8 MINING CORP.,Caja de Valores,5:1,5,1,5.0
HWM,HWM,HOWMET AEROSPACE INC,Comafi,1:1,1,1,1.0
IBB,IBB,iShares Nasdaq Biotechnology ETF,Comafi,27:1,27,1,27.0
IBIT,IBIT,ISHARES BITCOIN TRUST,Comafi,10:1,10,1,10.0
IBKR,IBKR,INTERACTIVE BROKERS GROUP INC,Comafi,17:1,17,1,17.0
IBM,IBM,IBM Corp.,Comafi,15:1,15,1,15.0
IBN,IBN,ICICI BANK LTD,Comafi,1:1,1,1,1.0
ICLN,ICLN,ISHARES GLOBAL CLEAN ENERGY ETF,Caja de Valores,5:1,5,1,5.0
IEMG,IEMG,iShares Core MSCI Emerging Markets ETF,Comafi,12:1,12,1,12.0
IEUR,IEUR,iShares Core MSCI Europe ETF,Comafi,11:1,11,1,11.0
IFF,IFF,INTERNATIONAL FLAVORS & FRAGRANCE INC.,Comafi,12:1,12,1,12.0
IJH,IJH,iShares CORE S&P MID-CAP ETF,Comafi,12:1,12,1,12.0
ILF,ILF,ISHARES LATIN AMERICA 40 ETF,Comafi,6:1,6,1,6.0
INFY,INFY,INFOSYS LIMITED,Comafi,1:1,1,1,1.0
ING,ING,ING Group NV ADR,Comafi,3:1,3,1,3.0
INTC,INTC,INTEL  Corporation,Comafi,5:1,5,1,5.0
IP,IP,INTERNATIONAL PAPER Co.,Comafi,4:1,4,1,4.0
IREN,IREN,IREN LTD,Comafi,12:1,12,1,12.0
ISRG,ISRG,INTUITIVE SURGICAL INC.,Comafi,90:1,90,1,90.0
ITA,ITA,ISHARES US AEROSPACE & DEFENSE ETFX,Caja de Valores,50:1,50,1,50.0
ITUB,ITUB,ITAÚ UNIBANCO HOLDING S.A.,Comafi,1:1,1,1,1.0
ITUB3,ITUB3,BANCO ITAÚ UNIBANCO S.A.,Caja de Valores,1:1,1,1,1.0
IVE,IVE,iShares S&P 500 Value ETF,Comafi,40:1,40,1,40.0
IVV,IVV,ISHARES CORE S&P 500 ETF,Comafi,692:1,692,1,692.0
IVW,IVW,iShares S&P 500 Growth ETF,Comafi,20:1,20,1,20.0
IWDA,IWDA,iShares Core MSCI World UCITS ETF,Comafi,24:1,24,1,24.0
IWM,IWM,ISHARES TRUST RUSSELL 2000,Caja de Valores,10:1,10,1,10.0
JCI,JCI,JOHNSON CONTROLS INTERNATIONAL,Comafi,2:1,2,1,2.0
JD,JD,"JD.COM, INC.",Comafi,4:1,4,1,4.0
JMIA,JMIA,ADR JUMIA TECHNOLOGIES AG,Caja de Valores,1:1,1,1,1.0
JNJ,JNJ,JOHNSON & JOHNSON,Comafi,15:1,15,1,15.0
JOYY,JOYY,JOYY Inc.,Comafi,5:1,5,1,5.0
JPM,JPM,J.P. MORGAN & CHASE Co.,Comafi,15:1,15,1,15.0
KB,KB,KB FINANCIAL GROUP INC.,Comafi,2:1,2,1,2.0
KEEL,KEEL,BITFARMS LTD.,Caja de Valores,1:5,1,5,0.2
KEP,KEP,KOREA ELECTRIC POWER CORP.,Comafi,1:1,1,1,1.0
KGC,KGC,KINROSS GOLD CORP.,Comafi,1:1,1,1,1.0
KLAC,KLAC,KLA CORP,Comafi,34:1,34,1,34.0
KMB,KMB,KIMBERLY CLARK CORPORATION,Comafi,6:1,6,1,6.0
KO,KO,COCA COLA Co.,Comafi,5:1,5,1,5.0
KOF,KOF,"COCA-COLA FEMSA, S.A.B DE CV",Comafi,2:1,2,1,2.0
LAC,LAC,LITHIUM AMERICAS CORP,Comafi,1:1,1,1,1.0
LAR,LAR,LITHIUM ARGENTINA AG.,Comafi,1:1,1,1,1.0
LIN,LIN,LINDE PLC,Comafi,102:1,102,1,102.0
LLY,LLY,ELI LILLY AND COMPANY,Comafi,56:1,56,1,56.0
LMT,LMT,LOCKHEED MARTIN CORPORATION,Comafi,20:1,20,1,20.0
LND,LND,BRASILAGRO - CO BRASILEIRA DE PROPRIEDADES AG,Comafi,1:1,1,1,1.0
LRCX,LRCX,LAM RESEARCH CORP,Comafi,56:1,56,1,56.0
LREN3,LREN3,LOJAS RENNER S.A.,Caja de Valores,1:1,1,1,1.0
LVS,LVS,LAS VEGAS SANDS CORP.,Comafi,2:1,2,1,2.0
LYG,LYG,LLOYDS BANKING GROUP plc.,Comafi,2:1,2,1,2.0
MA,MA,MASTERCARD INC,Comafi,33:1,33,1,33.0
MBG,MBG GR,MERCEDES-BENZ AG,Comafi,4:1,4,1,4.0
MCD,MCD,Mc DONALD'S Corp.,Comafi,24:1,24,1,24.0
MDLZ,MDLZ,"MONDELEZ INTERNATIONAL, INC.",Comafi,15:1,15,1,15.0
MDT,MDT,MEDTRONIC PLC,Comafi,4:1,4,1,4.0
MELI,MELI,MERCADOLIBRE INC.,Comafi,120:1,120,1,120.0
META,META,META PLATFORMS INC.,Comafi,24:1,24,1,24.0
MFG,MFG,MIZUHO FINANCIAL GROUP,Comafi,1:1,1,1,1.0
MGLU3,MGLU3,MAGAZINE LUIZA S.A.,Caja de Valores,1:1,1,1,1.0
MMM,MMM,3M COMPANY,Comafi,10:1,10,1,10.0
MO,MO,"ALTRIA GROUP, INC",Comafi,4:1,4,1,4.0
MOS,MOS,THE MOSAIC CO,Caja de Valores,5:1,5,1,5.0
MP,MP,MP MATERIALS CORP.,Comafi,10:1,10,1,10.0
MRK,MRK,MERCK & Co. Inc.,Comafi,5:1,5,1,5.0
MRNA,MRNA,MODERNA INC.,Comafi,19:1,19,1,19.0
MRSH,MRSH,MARSH,Comafi,16:1,16,1,16.0
MRVL,MRVL,MARVELL TECHNOLOGY INC,Comafi,14:1,14,1,14.0
MS,MS,MORGAN STANLEY,Comafi,41:1,41,1,41.0
MSFT,MSFT,MICROSOFT CORPORATION,Comafi,30:1,30,1,30.0
MSI,MSI,MOTOROLA SOLUTIONS Inc.,Comafi,20:1,20,1,20.0
MSTR,MSTR,MICROSTRATEGY INC CL A NEW,Caja de Valores,20:1,20,1,20.0
MU,MU,MICRON TECHNOLOGY INC,Caja de Valores,5:1,5,1,5.0
MUFG,MUFG,MITSUBISHI UFJ FINANCIAL GROUP,Comafi,1:1,1,1,1.0
MUX,MUX,MCEWEN  INC,Comafi,2:1,2,1,2.0
NATU3,NATU3,NATURA COSMETICOS SA,Caja de Valores,1:1,1,1,1.0
NBIS,NBIS,NEBIUS GROUP N.V.,Comafi,27:1,27,1,27.0
NEE,NEE,"NEXTERA ENERGY, INC.",Comafi,19:1,19,1,19.0
NEM,NEM,NEWMONT  CORPORATION,Comafi,3:1,3,1,3.0
NFLX,NFLX,"NETFLIX, INC.",Comafi,48:1,48,1,48.0
NG,NG,NOVAGOLD RESOURCES INC.,Comafi,1:4,1,4,0.25
NGG,NGG,NATIONAL GRID PLC-SP  ADR,Comafi,2:1,2,1,2.0
NIO,NIO,NIO INC,Comafi,4:1,4,1,4.0
NKE,NKE,NIKE Inc.,Comafi,12:1,12,1,12.0
NMR,NMR,NOMURA HOLDINGS INC.,Comafi,1:1,1,1,1.0
NOK,NOK,NOKIA CORPORATION ADR,Comafi,1:1,1,1,1.0
NOW,NOW,SERVICENOW INC,Comafi,172:1,172,1,172.0
NSANY,NSANY,NISSAN MOTOR CO.,Comafi,1:1,1,1,1.0
NTES,NTES,"NETEASE, INC.",Comafi,14:1,14,1,14.0
NTRA,NTRA,NATERA INC,Comafi,51:1,51,1,51.0
NU,NU,NU HOLDINGS LTD/CAYMAN ISLANDS,Comafi,2:1,2,1,2.0
NUE,NUE,NUCOR CORPORATION,Comafi,16:1,16,1,16.0
NVDA,NVDA,NVIDIA CORPORATION,Comafi,24:1,24,1,24.0
NVO,NVO,NOVO NORDISK A/S,Comafi,7:1,7,1,7.0
NVS,NVS,NOVARTIS AG - ADR,Comafi,4:1,4,1,4.0
NXE,NXE,NEXGEN ENERGY LTD,Comafi,1:1,1,1,1.0
O,O,REALTY INCOME CORP.,Comafi,13:1,13,1,13.0
OGZD,OGZD,GAZPROM PJSC***,Comafi,2:1,2,1,2.0
OKLO,OKLO,OKLO INC,Comafi,28:1,28,1,28.0
ONDS,ONDS,ONDAS HOLDINGS INC.,Comafi,2:1,2,1,2.0
ORANY,ORANY,ORANGE**,Comafi,1:1,1,1,1.0
ORCL,ORCL,ORACLE CORPORATION,Comafi,3:1,3,1,3.0
ORLY,ORLY,O'REILLY AUTOMOTIVE INC.,Comafi,222:1,222,1,222.0
OXY,OXY,OCCIDENTAL PETROLEUM CORP.,Caja de Valores,5:1,5,1,5.0
PAAS,PAAS,PAN AMERICAN SILVER CORP,Comafi,3:1,3,1,3.0
PAC,PAC,"GRUPO AEROPORTUARIO DEL PACIFICO, S.A.B. de C",Comafi,16:1,16,1,16.0
PAGS,PAGS,PAGSEGURO DIGITAL LTD,Comafi,3:1,3,1,3.0
PANW,PANW,PALO ALTO NETWORKS INC,Caja de Valores,50:1,50,1,50.0
PATH,PATH,UIPATH INC,Comafi,2:1,2,1,2.0
PBI,PBI,PITNEY BOWES INC,Comafi,1:1,1,1,1.0
PBR,PBR,PETROLEO BRASILEIRO - PETROBRAS (ADR),Comafi,1:1,1,1,1.0
PCAR,PCAR,PACCAR INC,Comafi,3:1,3,1,3.0
PDD,PDD,PDD HOLDINGS INC,Comafi,25:1,25,1,25.0
PEP,PEP,PEPSICO INC,Comafi,18:1,18,1,18.0
PETR3,PETR3,PETROBRAS - PETROLEO BRASILERO S.A.,Caja de Valores,1:1,1,1,1.0
PFE,PFE,PFIZER INC,Comafi,4:1,4,1,4.0
PG,PG,PROCTER & GAMBLE Co.,Comafi,15:1,15,1,15.0
PHG,PHG,KONINKLIJKE PHILIPS N.V,Comafi,5:1,5,1,5.0
PINS,PINS,PINTEREST INC.,Comafi,7:1,7,1,7.0
PKS,PKX,POSCO HOLDINGS INC,Comafi,3:1,3,1,3.0
PLD,PLD,PROLOGIS INC,Comafi,29:1,29,1,29.0
PLTR,PLTR,PALANTIR TECHNOLOGIES INC,Comafi,3:1,3,1,3.0
PM,PM,PHILIP MORRIS INTERNATIONAL INC.,Comafi,18:1,18,1,18.0
PRIO3,PRIO3,PETRO RIO S.A.,Caja de Valores,2:1,2,1,2.0
PSQ,PSQ,PROSHARES SHORT QQQ,Comafi,8:1,8,1,8.0
PSX,PSX,PHILLIPS 66,Comafi,6:1,6,1,6.0
PYPL,PYPL,"PAYPAL HOLDINGS, INC.",Comafi,8:1,8,1,8.0
QCOM,QCOM,QUALCOMM INCORPORATED,Comafi,11:1,11,1,11.0
QQQ,QQQ,INVESCO QQQ TRUST,Caja de Valores,20:1,20,1,20.0
RACE,RACE,FERRARI NV,Comafi,83:1,83,1,83.0
RBLX,RBLX,ROBLOX CORP.,Caja de Valores,2:1,2,1,2.0
RENT3,RENT3,LOCALIZA RENT A CAR S.A.,Caja de Valores,2:1,2,1,2.0
RGTI,RGTI,RIGETTI COMPUTING INC,Comafi,2:1,2,1,2.0
RIO,RIO,RIO TINTO PLC - ADR,Comafi,8:1,8,1,8.0
RIOT,RIOT,RIOT PLATFORMS INC.,Comafi,3:1,3,1,3.0
RKLB,RKLB,ROCKET LAB CORP,Comafi,12:1,12,1,12.0
ROKU,ROKU,ROKU INC.,Comafi,13:1,13,1,13.0
ROST,ROST,"ROSS STORES, INC.",Comafi,4:1,4,1,4.0
RSP,RSP,INVESCO S&P 500 EQL WGHT ETF,Caja de Valores,30:1,30,1,30.0
RTX,RTX,RTX CORPORATION,Comafi,5:1,5,1,5.0
SAN,SAN,BANCO SANTANDER  S.A. (ADR),Comafi,1:4,1,4,0.25
SAP,SAP,SAP SE,Comafi,6:1,6,1,6.0
SATL,SATL,SATELLOGIC INC.,Caja de Valores,1:1,1,1,1.0
SBS,SBS,COMPANHIA DE SANEAMENTO BÁSICO DO ESTADO DE S,Comafi,1:2,1,2,0.5
SBSP3,SBSP3,CIA SANEAMENTO BASICO DE SP,Caja de Valores,1:1,1,1,1.0
SBUX,SBUX,STARBUCKS CORPORATION,Comafi,12:1,12,1,12.0
SCCO,SCCO,SOUTHERN COPPER CORP.,Comafi,2:1,2,1,2.0
SCHW,SCHW,CHARLES SCHWAB CORP.,Comafi,13:1,13,1,13.0
SDA,SDA,SUNCAR TECHNOLOGY GROUP INC,Comafi,2:1,2,1,2.0
SE,SE,SEA LTD,Comafi,32:1,32,1,32.0
SH,SH,PROSHARES SHORT S&P500,Caja de Valores,8:1,8,1,8.0
SHEL,SHEL,SHELL PLC,Comafi,2:1,2,1,2.0
SHOP,SHOP,SHOPIFY INC,Comafi,107:1,107,1,107.0
SHPW,SHPW,SHAPEWAYS HOLDINGS INC***,Comafi,1:2,1,2,0.5
SHW,SHW,SHERWIN-WILLIAMS CO/THE,Comafi,69:1,69,1,69.0
SI,SI,SILVERGATE BANCORP,Caja de Valores,10:1,10,1,10.0
SID,SID,COMPANHIA SIDERÚRGICA NACIONAL,Comafi,1:8,1,8,0.125
SIEGY,SIEGY,SIEMENS AG ADR,Comafi,3:1,3,1,3.0
SKHY,SKHY,SK HYNIX INC,Comafi,25:1,25,1,25.0
SLB,SLB,SLB LTD,Comafi,3:1,3,1,3.0
SLV,SLV,iShares SILVER TRUST,Comafi,6:1,6,1,6.0
SMH,SMH,VAN ECK SEMICONDUCTOR ETF,Caja de Valores,50:1,50,1,50.0
SNA,SNA,SNAP-ON INCORPORATED,Comafi,6:1,6,1,6.0
SNAP,SNAP,SNAP INC.,Comafi,1:1,1,1,1.0
SNDK,SNDK,SANDISK CORPORATION,Comafi,170:1,170,1,170.0
SNOW,SNOW,SNOWFLAKE INC,Comafi,30:1,30,1,30.0
SONY,SONY,SONY GROUP CORPORATION,Comafi,8:1,8,1,8.0
SOYB,SOYB,TEUCRIUM SOYBEAN FUND,Comafi,5:1,5,1,5.0
SPCE,SPCE,VIRGIN GALACTIC HOLDINGS INC.,Comafi,1:2,1,2,0.5
SPCX,SPCX,SPACE EXPLORATION TECHNOLOGIES CORP.,Comafi,50:1,50,1,50.0
SPGI,SPGI,S&P GLOBAL INC,Comafi,45:1,45,1,45.0
SPHQ,SPHQ,Invesco S&P 500 Quality ETF,Comafi,14:1,14,1,14.0
SPOT,SPOT,SPOTIFY TECHNOLOGY SA,Comafi,28:1,28,1,28.0
SPXL,SPXL,DIREXION DAILY S&P 500 BULL 3X,Caja de Valores,25:1,25,1,25.0
SPY,SPY,SPDR S&P 500,Caja de Valores,60:1,60,1,60.0
STLA,STLA,STELLANTIS NV,Comafi,5:1,5,1,5.0
STNE,STNE,STONECO LTD,Comafi,3:1,3,1,3.0
SUZ,SUZ,SUZANO SA,Comafi,1:1,1,1,1.0
SUZB3,SUZB3,SUZANO S.A.,Caja de Valores,1:1,1,1,1.0
SWKS,SWKS,SKYWORKS SOLUTIONS INC.,Comafi,21:1,21,1,21.0
SYY,SYY,SYSCO CORPORATION,Comafi,8:1,8,1,8.0
T,T,AT&T INC,Comafi,3:1,3,1,3.0
TCOM,TCOM,TRIP.COM Group Ltd.,Comafi,2:1,2,1,2.0
TEAM,TEAM,ATLASSIAN CORPORATION,Comafi,47:1,47,1,47.0
TELFY,TELFY,TELEFONICA S.A. ADR**,Comafi,8:1,8,1,8.0
TEM,TEM,TEMPUS AI INC,Comafi,12:1,12,1,12.0
TEN,TS,TENARIS S.A. (ADS),Comafi,1:1,1,1,1.0
TGT,TGT,TARGET CORPORATION,Comafi,24:1,24,1,24.0
TIIAY,TIIAY,TELECOM ITALIA SPA ADR,Comafi,1:1,1,1,1.0
TIMB,TIMB,TIM PARTICIPAÇÕES S.A.,Comafi,1:1,1,1,1.0
TIMS3,TIMS3,TIM S.A.,Caja de Valores,1:1,1,1,1.0
TJX,TJX,TJX COMPANIES INC./THE,Comafi,22:1,22,1,22.0
TLN,TLN,TALEN ENERGY CORP,Comafi,63:1,63,1,63.0
TM,TM,TOYOTA MOTOR CORPORATION ADR,Comafi,15:1,15,1,15.0
TMO,TMO,THERMO FISHER SCIENTIFIC INC.,Comafi,22:1,22,1,22.0
TMUS,TMUS,T-MOBILE US INC.,Comafi,33:1,33,1,33.0
TQQQ,TQQQ,PROSHARES ULTRAPRO QQQ,Caja de Valores,25:1,25,1,25.0
TRIP,TRIP,"TRIPADVISOR, INC.",Comafi,2:1,2,1,2.0
TRVV,TRV,"The Travelers Companies, Inc.",Comafi,6:1,6,1,6.0
TSLA,TSLA,"TESLA, INC.",Comafi,15:1,15,1,15.0
TSM,TSM,TAIWAN SEMICONDUCTOR MANUFACTURING,Comafi,9:1,9,1,9.0
TTE,TTE,TotalEnergies SE - ADR,Comafi,3:1,3,1,3.0
TV,TV,GRUPO TELEVISA S.A. ADR,Comafi,3:1,3,1,3.0
TWLO,TWLO,TWILIO INC,Comafi,36:1,36,1,36.0
TXN,TXN,TEXAS INSTRUMENTS INCORPORATED,Comafi,5:1,5,1,5.0
TXR,TX,TERNIUM S.A.,Comafi,4:1,4,1,4.0
UAL,UAL,UNITED AIRLINES HOLDINGS INC.,Caja de Valores,5:1,5,1,5.0
UBER,UBER,UBER TECHNOLOGIES INC.,Caja de Valores,2:1,2,1,2.0
UGP,UGP,ULTRAPAR PARTICIPAÇÕES S.A.,Comafi,1:1,1,1,1.0
UL,UL,UNILEVER PLC-SPONSORED ADR,Comafi,3:1,3,1,3.0
UNH,UNH,UNITEDHEALTH GROUP INC,Comafi,33:1,33,1,33.0
UNP,UNP,UNION PACIFIC CORP,Comafi,20:1,20,1,20.0
UPST,UPST,UPSTART HLDGS INC,Caja de Valores,5:1,5,1,5.0
URA,URA,GLOBAL X URANIUM ETF,Caja de Valores,5:1,5,1,5.0
URBN,URBN,"URBAN OUTFITTERS, INC.",Comafi,2:1,2,1,2.0
USB,USB,U.S. BANCORP,Comafi,5:1,5,1,5.0
USO,USO,"United States Oil Fund, LP",Comafi,15:1,15,1,15.0
V,V,VISA INC,Comafi,18:1,18,1,18.0
VALE,VALE,VALE S.A.,Comafi,2:1,2,1,2.0
VALE3,VALE3,VALE S.A.,Caja de Valores,1:1,1,1,1.0
VEA,VEA,Vanguard FTSE Developed Markets ETF,Comafi,10:1,10,1,10.0
VIG,VIG,VANGUARD DIVIDEND APPRECIATION,Comafi,39:1,39,1,39.0
VIST,VIST,VISTA ENERGY S.A.B. de C.V (ADS),Comafi,3:1,3,1,3.0
VIV,VIV,TELEFÔNICA BRASIL S.A.,Comafi,1:1,1,1,1.0
VIVT3,VIVT3,TELEFONICA BRASIL S.A.,Caja de Valores,1:1,1,1,1.0
VOD,VOD,VODAFONE GROUP plc. ADR,Comafi,1:1,1,1,1.0
VRSN,VRSN,"VERISIGN, INC.",Comafi,6:1,6,1,6.0
VRTX,VRTX,VERTEX PHARMACEUTICALS INC,Comafi,101:1,101,1,101.0
VST,VST,VISTRA CORPORATION,Comafi,26:1,26,1,26.0
VXX,VXX,IPATH SERIES B S&P 500 VIX,Caja de Valores,5:1,5,1,5.0
VZ,VZ,VERIZON COMMUNICATIONS INC.,Comafi,4:1,4,1,4.0
WB,WB,WEIBO CORPORATION,Comafi,6:1,6,1,6.0
WDC,WDC,WESTERN DIGITAL CORP,Comafi,92:1,92,1,92.0
WEGE3,WEGE3,WEG S.A.,Caja de Valores,1:1,1,1,1.0
WELL,WELL,WELLTOWER INC,Comafi,48:1,48,1,48.0
WFC,WFC,WELLS FARGO & COMPANY,Comafi,5:1,5,1,5.0
WMT,WMT,WALMART Inc.,Comafi,18:1,18,1,18.0
XLB,XLB,State Street Materials Select Sector SPDR ETF,Comafi,18:1,18,1,18.0
XLC,XLC,State Street Communication Services Select Se,Comafi,19:1,19,1,19.0
XLE,XLE,ENERGY SELECT SECTOR SPDR FUND,Caja de Valores,2:1,2,1,2.0
XLF,XLF,FINANCIAL SELECT SECTOR SPDR FUND,Caja de Valores,2:1,2,1,2.0
XLI,XLI,State Street Industrials Select Sector SPDR E,Comafi,28:1,28,1,28.0
XLK,XLK,State Street Technology Select Sector SPDR ET,Comafi,46:1,46,1,46.0
XLP,XLP,State Street Consumer Staples Select Sector S,Comafi,16:1,16,1,16.0
XLRE,XLRE,State Street Real Estate Select Sector SPDR E,Comafi,9:1,9,1,9.0
XLU,XLU,UTILITIES SELECT SECTOR SPDR FUND,Caja de Valores,15:1,15,1,15.0
XLV,XLV,State Street Health Care Select Sector SPDR E,Comafi,29:1,29,1,29.0
XLY,XLY,State Street Consumer Discretionary Select Se,Comafi,43:1,43,1,43.0
XME,XME,STATE STREET SPDR S&P METALS & MINING ETF,Caja de Valores,30:1,30,1,30.0
XOM,XOM,EXXONMOBIL HOLDINGS CORP.,Comafi,10:1,10,1,10.0
XP,XP,XP INC,Comafi,4:1,4,1,4.0
XPEV,XPEV,XPENG INC,Comafi,4:1,4,1,4.0
XROX,XRX,XEROX HOLDING CORPORATION,Comafi,1:1,1,1,1.0
XYZ,XYZ,"BLOCK, INC",Comafi,20:1,20,1,20.0
YELP,YELP,YELP INC.,Comafi,2:1,2,1,2.0
YZCAY,YZCAY,YANKUANG ENERGY GROUP CO. LTD.,Comafi,2:1,2,1,2.0
ZM,ZM,"ZOOM COMMUNICATIONS, INC.",Comafi,47:1,47,1,47.0
